Player,Team,AGE,GP,W,L,MIN,PTS,FGA,FG%,3PA,3P%,FTA,FT%,OREB,DREB,REB,AST,TOV,STL,BLK,PF,FP,DD2,TD3,+/-,Year,累積前三隊,當年有無入選,勝率,position,DFG_percent,DIFF_percent,Pos,Final_Position,是否首次入選
Joel Embiid,PHI,28,68,45,23,33.8,30.6,19.6,49.9,3.7,37.1,11.8,81.4,2.1,9.6,11.7,4.2,3.1,1.1,1.5,2.7,55.5,46,2,5.4,2022,3,False,0.66,C-F,54.8,-5.4,,C-F,False
LeBron James,LAL,37,56,25,31,37.2,30.3,21.8,52.4,8.0,35.9,6.0,75.6,1.1,7.1,8.2,6.2,3.5,1.3,1.1,2.2,53.0,21,6,-2.1,2022,17,False,0.45,F,51.8,-6.9,,F,False
Giannis Antetokounmpo,MIL,27,67,45,22,32.9,29.9,18.6,55.3,3.6,29.3,11.4,72.2,2.0,9.6,11.6,5.8,3.3,1.1,1.4,3.2,56.5,46,4,5.9,2022,5,False,0.67,F,50.9,-8.6,,F,False
Kevin Durant,BKN,33,55,36,19,37.2,29.9,20.3,51.8,5.5,38.3,7.4,91.0,0.5,6.9,7.4,6.4,3.5,0.9,0.9,2.1,50.3,18,4,4.9,2022,9,False,0.65,F,52.4,-6.3,,F,False
Luka Doncic,DAL,23,65,44,21,35.4,28.4,21.6,45.7,8.8,35.3,7.5,74.4,0.9,8.3,9.1,8.7,4.5,1.2,0.6,2.2,53.1,44,10,2.2,2022,2,False,0.68,F-G,59.2,0.9,,F-G,False
Trae Young,ATL,23,76,40,36,34.9,28.4,20.3,46.0,8.0,38.2,7.3,90.4,0.7,3.1,3.7,9.7,4.0,0.9,0.1,1.7,46.5,42,0,2.1,2022,0,False,0.53,G,61.4,4.1,,G,False
DeMar DeRozan,CHI,32,76,43,33,36.1,27.9,20.2,50.4,1.9,35.2,7.8,87.7,0.7,4.4,5.2,4.9,2.4,0.9,0.3,2.3,42.7,6,0,1.0,2022,2,False,0.57,G-F,58.9,0.4,,G-F,False
Kyrie Irving,BKN,30,29,14,15,37.6,27.4,21.2,46.9,8.2,41.8,4.4,91.5,0.6,3.8,4.4,5.8,2.5,1.4,0.6,2.8,44.8,2,0,4.2,2022,3,False,0.48,G,54.0,-4.0,,G,False
Ja Morant,MEM,22,57,36,21,33.1,27.4,20.6,49.3,4.5,34.4,7.3,76.1,1.4,4.4,5.7,6.7,3.4,1.2,0.4,1.5,45.6,10,1,3.3,2022,0,False,0.63,G,50.9,-7.6,,G,False
Nikola Jokic,DEN,27,74,46,28,33.5,27.1,17.7,58.3,3.9,33.7,6.3,81.0,2.8,11.0,13.8,7.9,3.8,1.5,0.9,2.6,58.6,66,19,6.0,2022,3,False,0.62,C,57.2,-2.9,,C,False
Jayson Tatum,BOS,24,76,49,27,35.9,26.9,20.6,45.3,8.6,35.3,6.2,85.3,1.1,6.9,8.0,4.4,2.9,1.0,0.6,2.3,45.2,22,0,8.8,2022,1,False,0.64,F-G,53.1,-4.9,,F-G,False
Devin Booker,PHX,25,68,56,12,34.5,26.8,20.9,46.6,7.0,38.3,5.3,86.8,0.7,4.4,5.0,4.8,2.4,1.1,0.4,2.6,42.2,5,0,6.9,2022,0,False,0.82,G,55.1,-3.2,,G,False
Donovan Mitchell,UTA,25,67,41,26,33.8,25.9,20.5,44.8,9.8,35.5,4.7,85.3,0.8,3.4,4.2,5.3,3.0,1.5,0.2,2.4,40.9,3,0,4.1,2022,0,False,0.61,G,65.1,6.4,,G,False
Stephen Curry,GSW,34,64,45,19,34.5,25.5,19.1,43.7,11.7,38.0,4.7,92.3,0.5,4.7,5.2,6.3,3.2,1.3,0.4,2.0,43.1,12,2,8.0,2022,7,False,0.7,G,55.6,-2.9,,G,False
Karl-Anthony Towns,MIN,26,74,44,30,33.5,24.6,16.4,52.9,4.9,41.0,6.3,82.2,2.6,7.2,9.8,3.6,3.1,1.0,1.1,3.6,45.0,40,1,3.7,2022,1,False,0.59,C-F,57.1,-3.0,,C-F,False
Shai Gilgeous-Alexander,OKC,23,56,16,40,34.7,24.5,18.8,45.3,5.3,30.0,7.2,81.0,0.7,4.3,5.0,5.9,2.8,1.3,0.8,2.5,42.8,6,1,-4.7,2022,0,False,0.29,G,57.2,-1.4,,G,False
Zach LaVine,CHI,27,67,37,30,34.7,24.4,17.7,47.6,7.1,38.9,5.6,85.3,0.3,4.3,4.6,4.5,2.6,0.6,0.3,1.8,37.0,0,0,-0.4,2022,0,False,0.55,G-F,55.9,-2.1,,G-F,False
Paul George,LAC,31,31,18,13,34.8,24.3,20.5,42.1,8.3,35.4,4.8,85.8,0.4,6.5,6.9,5.7,4.1,2.2,0.4,2.4,44.8,7,0,3.0,2022,6,False,0.58,F,53.8,-4.3,,F,False
Damian Lillard,POR,31,29,12,17,36.4,24.0,19.0,40.2,9.8,32.4,6.2,87.8,0.4,3.7,4.1,7.3,2.9,0.6,0.4,1.3,39.9,8,0,-1.0,2022,6,False,0.41,G,59.3,1.3,,G,False
Jaylen Brown,BOS,25,66,43,23,33.6,23.6,18.4,47.3,7.0,35.8,4.8,75.8,0.8,5.3,6.1,3.5,2.7,1.1,0.3,2.5,37.5,11,2,6.9,2022,0,False,0.65,G-F,55.9,-2.4,,G-F,False
Bradley Beal,WAS,28,40,17,23,36.0,23.2,19.3,45.1,5.3,30.0,5.1,83.3,1.0,3.8,4.7,6.6,3.4,0.9,0.4,2.4,39.3,4,0,-2.6,2022,1,False,0.42,G,62.6,3.9,,G,False
Anthony Davis,LAL,29,40,17,23,35.1,23.2,17.4,53.2,1.8,18.6,6.1,71.3,2.7,7.2,9.9,3.1,2.1,1.2,2.3,2.4,47.9,19,0,-2.3,2022,4,False,0.42,F-C,52.8,-5.8,,F-C,False
De'Aaron Fox,SAC,24,59,22,37,35.3,23.2,18.5,47.3,4.2,29.7,5.9,75.0,0.4,3.5,3.9,5.6,2.8,1.2,0.4,2.9,38.1,5,0,-3.3,2022,0,False,0.37,G,62.4,5.0,,G,False
Pascal Siakam,TOR,28,68,40,28,37.9,22.8,17.8,49.4,3.2,34.4,5.6,74.9,1.9,6.6,8.5,5.3,2.7,1.3,0.6,3.3,43.9,30,2,3.8,2022,1,False,0.59,F,55.6,-3.1,,F,False
Brandon Ingram,NOP,24,55,29,26,34.0,22.7,17.9,46.1,4.1,32.7,5.9,82.6,0.6,5.2,5.8,5.6,2.7,0.6,0.5,2.2,38.5,7,0,2.2,2022,0,False,0.53,F,61.5,2.5,,F,False
CJ McCollum,NOP,30,62,28,34,34.6,22.1,18.8,46.0,7.6,38.8,2.7,68.2,0.9,3.5,4.3,5.1,2.0,1.1,0.4,2.0,37.3,3,0,-1.1,2022,0,False,0.45,G,59.1,0.9,,G,False
James Harden,PHI,32,65,40,25,37.2,22.0,15.3,41.0,6.9,33.0,8.2,87.7,0.8,6.8,7.7,10.3,4.4,1.3,0.6,2.4,47.7,42,11,2.7,2022,7,False,0.62,G,57.9,-1.1,,G,False
Darius Garland,CLE,22,68,37,31,35.7,21.7,17.3,46.2,6.7,38.3,3.5,89.2,0.6,2.7,3.3,8.6,3.6,1.3,0.1,1.7,39.1,29,1,5.5,2022,0,False,0.54,G,61.0,4.4,,G,False
Jimmy Butler,MIA,32,57,38,19,33.9,21.4,14.5,48.0,2.0,23.3,8.0,87.0,1.8,4.1,5.9,5.5,2.1,1.6,0.5,1.5,40.9,12,4,4.3,2022,4,False,0.67,F,62.3,2.9,,F,False
Anthony Edwards,MIN,20,72,39,33,34.2,21.3,17.3,44.1,8.4,35.7,3.9,78.6,0.9,3.9,4.8,3.8,2.6,1.5,0.6,2.3,36.4,4,0,2.6,2022,0,False,0.54,G,57.6,-1.3,,G,False
Dejounte Murray,SAS,25,68,30,38,34.8,21.1,18.3,46.2,4.3,32.7,3.6,79.4,1.2,7.1,8.3,9.2,2.6,2.0,0.3,2.0,49.4,39,13,0.7,2022,0,False,0.44,G,58.7,-0.2,,G,False
Tyler Herro,MIA,22,66,44,22,32.6,20.7,17.0,44.7,6.7,39.9,3.3,86.8,0.5,4.5,5.0,4.0,2.6,0.7,0.1,1.4,32.4,3,0,3.6,2022,0,False,0.67,G,58.4,1.3,,G,False
Klay Thompson,GSW,32,32,17,15,29.4,20.4,17.9,42.9,9.3,38.5,1.6,90.2,0.5,3.4,3.9,2.8,1.3,0.5,0.5,1.7,30.9,0,0,2.1,2022,2,False,0.53,G,53.4,-5.8,,G,False
Fred VanVleet,TOR,28,65,39,26,37.9,20.3,16.9,40.3,9.9,37.7,3.4,87.4,0.7,3.8,4.4,6.7,2.6,1.7,0.5,2.5,39.8,10,1,3.3,2022,0,False,0.6,G,54.8,-2.6,,G,False
Kristaps Porzingis,WAS,26,51,26,25,29.0,20.2,15.0,45.9,4.9,31.0,5.6,86.7,2.0,6.1,8.1,2.3,1.6,0.7,1.6,2.7,38.9,15,0,0.6,2022,0,False,0.51,F-C,53.2,-6.5,,F-C,False
Miles Bridges,CHA,24,80,41,39,35.5,20.2,15.2,49.1,5.8,33.1,4.2,80.2,1.1,5.9,7.0,3.8,1.9,0.9,0.8,2.4,37.6,15,0,1.8,2022,0,False,0.51,F,56.8,-2.3,,F,False
LaMelo Ball,CHA,20,75,39,36,32.3,20.1,16.7,42.9,7.5,38.9,3.2,87.2,1.4,5.2,6.7,7.6,3.3,1.6,0.4,3.2,42.2,23,5,1.3,2022,0,False,0.52,G,57.3,-0.9,,G,False
Julius Randle,NYK,27,72,32,40,35.3,20.1,17.3,41.1,5.4,30.8,5.6,75.6,1.7,8.2,9.9,5.1,3.4,0.7,0.5,2.8,40.2,31,1,-2.3,2022,1,False,0.44,F-C,54.3,-5.1,,F-C,False
Khris Middleton,MIL,30,66,44,22,32.4,20.1,15.5,44.3,6.6,37.3,4.4,89.0,0.6,4.8,5.4,5.4,2.9,1.2,0.3,2.4,36.1,4,0,4.6,2022,0,False,0.67,F,57.8,-0.6,,F,False
RJ Barrett,NYK,21,70,33,37,34.5,20.0,17.1,40.8,5.8,34.2,5.8,71.4,0.9,4.9,5.8,3.0,2.2,0.6,0.2,2.0,31.9,4,0,-2.1,2022,0,False,0.47,F-G,60.1,1.8,,F-G,False
Terry Rozier,CHA,28,73,38,35,33.7,19.3,16.0,44.4,8.1,37.4,2.4,85.2,0.8,3.5,4.3,4.5,1.3,1.3,0.3,1.6,34.7,3,1,1.0,2022,0,False,0.52,G,61.9,3.5,,G,False
Jerami Grant,DET,28,47,11,36,31.9,19.2,14.9,42.6,5.4,35.8,5.5,83.8,0.6,3.5,4.1,2.4,1.8,0.9,1.0,2.3,31.8,1,0,-4.7,2022,0,False,0.23,F,56.2,-4.0,,F,False
Malcolm Brogdon,IND,29,36,14,22,33.5,19.1,15.1,44.8,5.2,31.2,4.6,85.6,0.9,4.2,5.1,5.9,2.1,0.8,0.4,2.0,35.6,6,1,0.0,2022,0,False,0.39,G,56.9,-0.7,,G,False
Bam Adebayo,MIA,24,56,36,20,32.6,19.1,13.0,55.7,0.1,0.0,6.1,75.3,2.4,7.6,10.1,3.4,2.6,1.4,0.8,3.1,40.2,27,0,5.4,2022,0,False,0.64,C-F,56.5,-3.2,,C-F,False
Norman Powell,LAC,28,45,15,30,32.4,19.0,13.4,46.1,5.6,41.9,5.2,81.1,0.4,2.8,3.2,2.1,1.5,0.9,0.5,2.4,28.7,0,0,-4.9,2022,0,False,0.33,G,67.6,7.6,,G,False
Domantas Sabonis,SAC,25,62,21,41,34.4,18.9,12.5,57.3,2.0,31.2,5.4,74.1,3.2,8.9,12.1,5.2,3.1,1.0,0.4,3.3,42.3,46,5,-0.2,2022,0,False,0.34,F-C,57.5,-2.0,,F-C,False
Jordan Poole,GSW,22,76,49,27,30.0,18.5,13.9,44.8,7.6,36.4,3.5,92.5,0.4,3.0,3.4,4.0,2.5,0.8,0.3,2.7,29.4,2,0,4.3,2022,0,False,0.64,G,57.8,0.3,,G,False
Russell Westbrook,LAL,33,78,31,47,34.3,18.5,15.8,44.4,3.4,29.8,5.1,66.7,1.4,6.0,7.4,7.1,3.8,1.0,0.3,3.0,37.8,28,10,-2.7,2022,9,False,0.4,G,64.6,6.0,,G,False
Dillon Brooks,MEM,26,32,22,10,27.7,18.4,16.4,43.2,4.7,30.9,3.3,84.9,0.9,2.3,3.2,2.8,1.6,1.1,0.3,3.3,29.0,0,0,6.4,2022,0,False,0.69,G-F,52.4,-4.2,,G-F,False
Gary Trent Jr.,TOR,23,70,44,26,35.0,18.3,15.5,41.4,7.8,38.3,2.9,85.3,0.4,2.4,2.7,2.0,1.0,1.7,0.3,2.1,29.6,0,0,2.4,2022,0,False,0.63,G-F,62.1,4.4,,G-F,False
Jrue Holiday,MIL,31,67,47,20,32.9,18.3,14.2,50.1,4.8,41.1,2.7,76.1,1.0,3.5,4.5,6.8,2.7,1.6,0.4,2.0,37.3,12,0,6.4,2022,0,False,0.7,G,54.6,-2.7,,G,False
Desmond Bane,MEM,23,76,53,23,29.8,18.2,14.5,46.1,6.9,43.6,2.0,90.3,0.6,3.8,4.4,2.7,1.5,1.2,0.4,2.6,30.9,0,0,4.8,2022,0,False,0.7,G,52.0,-6.1,,G,False
D'Angelo Russell,MIN,26,65,39,26,31.9,18.1,15.0,41.1,8.0,34.0,3.7,82.5,0.4,2.9,3.3,7.1,2.5,1.0,0.3,2.0,34.0,12,0,3.2,2022,0,False,0.6,G,60.8,2.3,,G,False
Bojan Bogdanovic,UTA,33,69,45,24,30.9,18.1,13.4,45.5,6.8,38.7,3.8,85.8,0.8,3.4,4.3,1.7,1.7,0.5,0.0,1.7,25.7,3,0,3.2,2022,0,False,0.65,F,57.0,-2.1,,F,False
Christian Wood,HOU,26,68,19,49,30.8,17.9,12.9,50.1,4.9,39.0,4.9,62.3,1.6,8.5,10.1,2.3,1.9,0.8,1.0,2.5,36.8,33,0,-6.0,2022,0,False,0.28,F,58.4,-1.2,,F,False
Jonas Valanciunas,NOP,29,74,34,40,30.3,17.8,12.7,54.4,2.1,36.1,3.9,82.0,3.1,8.3,11.4,2.6,2.4,0.6,0.8,3.3,37.0,50,0,0.9,2022,0,False,0.46,C,58.6,-2.3,,C,False
Nikola Vucevic,CHI,31,73,41,32,33.1,17.6,15.8,47.3,4.5,31.4,1.7,76.0,1.9,9.1,11.0,3.2,1.9,1.0,1.0,2.5,39.6,44,0,-0.7,2022,0,False,0.56,C,58.8,-1.1,,C,False
Tyrese Maxey,PHI,21,75,45,30,35.3,17.5,13.3,48.5,4.1,42.7,3.3,86.6,0.3,2.9,3.2,4.3,1.2,0.7,0.4,2.1,30.0,1,0,2.6,2022,0,False,0.6,G,57.3,0.5,,G,False
Cade Cunningham,DET,20,64,20,44,32.6,17.4,16.1,41.6,5.7,31.4,2.6,84.5,0.9,4.6,5.5,5.6,3.7,1.2,0.7,3.1,34.4,10,2,-4.3,2022,0,False,0.31,G,56.3,-3.0,,G,False
Anfernee Simons,POR,22,57,25,32,29.5,17.3,14.0,44.3,7.8,40.5,2.0,88.8,0.5,2.2,2.6,3.9,2.0,0.5,0.1,1.9,26.2,2,0,-1.5,2022,0,False,0.44,G,66.1,7.8,,G,False
Jalen Green,HOU,20,67,12,55,31.9,17.3,14.2,42.6,6.8,34.3,3.5,79.7,0.5,2.9,3.4,2.6,2.0,0.7,0.3,1.5,26.0,0,0,-7.7,2022,0,False,0.18,G,65.7,6.7,,G,False
Tobias Harris,PHI,29,73,45,28,34.8,17.2,14.0,48.2,3.8,36.7,2.8,84.2,1.1,5.7,6.8,3.5,1.6,0.6,0.6,2.2,32.7,9,1,2.3,2022,0,False,0.62,F,59.8,1.4,,F,False
Andrew Wiggins,GSW,27,73,47,26,31.9,17.2,14.0,46.6,5.5,39.3,3.2,63.4,1.2,3.3,4.5,2.2,1.5,1.0,0.7,2.2,29.6,1,0,3.6,2022,0,False,0.64,F,54.0,-5.2,,F,False
Luguentz Dort,OKC,23,51,17,34,32.7,17.2,14.2,40.4,7.7,33.2,3.7,84.3,0.7,3.4,4.2,1.7,1.7,0.9,0.4,2.9,26.8,0,0,-5.8,2022,0,False,0.33,G,59.4,2.2,,G,False
Deandre Ayton,PHX,23,58,46,12,29.5,17.2,12.0,63.4,0.3,36.8,2.4,74.6,2.6,7.7,10.2,1.4,1.6,0.7,0.7,2.4,34.2,30,0,5.9,2022,0,False,0.79,C,54.6,-5.2,,C,False
OG Anunoby,TOR,24,48,31,17,36.0,17.1,14.5,44.3,6.6,36.3,2.5,75.4,1.5,4.0,5.5,2.6,1.7,1.5,0.5,2.7,32.0,3,0,2.8,2022,0,False,0.65,F,59.9,0.8,,F,False
Kyle Kuzma,WAS,26,66,29,37,33.4,17.1,14.2,45.2,5.7,34.1,3.3,71.2,1.1,7.4,8.5,3.5,2.6,0.6,0.9,1.9,34.6,24,1,-4.3,2022,0,False,0.44,F,51.3,-6.3,,F,False
Keldon Johnson,SAS,22,75,33,42,31.9,17.0,13.5,46.6,5.3,39.8,3.1,75.6,1.1,5.0,6.1,2.1,1.2,0.8,0.2,2.0,29.2,6,0,1.0,2022,0,False,0.44,F-G,52.7,-5.9,,F-G,False
Caris LeVert,CLE,27,58,23,35,30.7,17.0,14.7,44.4,4.4,32.0,3.3,75.6,0.7,2.9,3.7,4.3,1.9,0.9,0.4,2.3,29.8,1,0,-1.1,2022,0,False,0.4,G,61.2,3.4,,G,False
Reggie Jackson,LAC,32,75,38,37,31.2,16.8,16.3,39.2,6.8,32.6,2.2,84.7,0.5,3.1,3.6,4.8,2.3,0.7,0.2,2.1,28.8,5,0,-0.9,2022,0,False,0.51,G,53.7,-4.2,,G,False
Harrison Barnes,SAC,29,77,27,50,33.6,16.4,10.8,46.9,4.7,39.4,5.4,82.6,1.1,4.5,5.6,2.4,1.5,0.7,0.2,1.2,27.9,5,0,-4.9,2022,0,False,0.35,F,59.5,0.4,,F,False
Cole Anthony,ORL,21,65,18,47,31.7,16.3,14.0,39.1,6.0,33.8,3.9,85.4,0.5,4.9,5.4,5.7,2.6,0.7,0.3,2.6,31.6,9,0,-3.6,2022,0,False,0.28,G,58.5,0.6,,G,False
Jaren Jackson Jr.,MEM,22,78,53,25,27.3,16.3,13.3,41.5,5.1,31.9,4.4,82.3,1.5,4.3,5.8,1.1,1.7,0.9,2.3,3.5,32.9,7,0,4.6,2022,0,False,0.68,F-C,47.2,-12.5,,F-C,False
Jalen Brunson,DAL,25,79,50,29,31.9,16.3,12.8,50.2,3.2,37.3,2.7,84.0,0.5,3.4,3.9,4.8,1.6,0.8,0.0,1.9,29.2,7,0,2.9,2022,0,False,0.63,G,61.9,4.5,,G,False
John Collins,ATL,24,54,26,28,30.8,16.2,11.9,52.6,3.3,36.4,3.1,79.3,1.7,6.1,7.8,1.8,1.1,0.6,1.0,3.0,32.2,16,0,0.7,2022,0,False,0.48,F-C,55.9,-3.5,,F-C,False
Jarrett Allen,CLE,24,56,35,21,32.3,16.1,9.7,67.7,0.2,10.0,4.2,70.8,3.4,7.3,10.8,1.6,1.7,0.8,1.3,1.7,36.2,32,0,2.4,2022,0,False,0.62,C,47.7,-11.7,,C,False
Saddiq Bey,DET,23,82,23,59,33.0,16.1,13.9,39.6,7.4,34.6,3.1,82.7,1.3,4.1,5.4,2.8,1.2,0.9,0.2,1.6,28.9,6,0,-6.1,2022,0,False,0.28,F,56.7,-2.4,,F,False
Jordan Clarkson,UTA,29,79,47,32,27.1,16.0,14.1,41.9,7.6,31.8,2.2,82.8,0.8,2.6,3.5,2.5,1.6,0.8,0.2,1.9,25.3,1,0,4.8,2022,0,False,0.59,G,57.3,-0.5,,G,False
Collin Sexton,CLE,23,11,7,4,28.8,16.0,13.7,45.0,4.1,24.4,3.5,74.4,1.2,2.1,3.3,2.1,2.8,0.9,0.0,2.3,23.0,0,0,-2.7,2022,0,False,0.64,G,60.0,3.4,,G,False
Gordon Hayward,CHA,32,49,26,23,31.9,15.9,12.6,45.9,4.5,39.1,3.0,84.6,0.8,3.8,4.6,3.6,1.7,1.0,0.4,1.7,29.4,1,0,-0.4,2022,0,False,0.53,F,57.4,-1.9,,F,False
Buddy Hield,IND,29,81,26,55,30.8,15.6,13.6,40.6,8.8,36.6,1.6,87.4,0.8,3.5,4.4,2.8,1.9,0.9,0.3,2.3,26.8,1,0,-2.0,2022,0,False,0.32,G,61.2,3.4,,G,False
Rudy Gobert,UTA,29,66,42,24,32.1,15.6,7.7,71.3,0.1,0.0,6.7,69.0,3.7,11.0,14.7,1.1,1.8,0.7,2.1,2.7,41.3,53,0,6.3,2022,4,False,0.64,C,48.6,-11.1,,C,False
Kevin Porter Jr.,HOU,21,61,16,45,31.3,15.6,13.2,41.5,6.8,37.5,3.2,64.2,0.7,3.7,4.4,6.2,3.1,1.1,0.4,2.6,31.4,10,1,-4.6,2022,0,False,0.26,G-F,66.9,8.1,,G-F,False
Marcus Morris Sr.,LAC,32,54,26,28,29.0,15.4,12.8,43.4,5.1,36.7,2.7,87.2,0.5,3.9,4.4,2.1,1.3,0.5,0.3,2.1,25.1,2,0,-2.6,2022,0,False,0.48,F,63.1,3.1,,F,False
Tyrese Haliburton,IND,22,77,26,51,35.0,15.3,11.8,47.3,5.1,41.4,2.5,84.2,0.8,3.2,4.0,8.2,2.6,1.7,0.6,1.6,37.0,25,0,-4.2,2022,0,False,0.34,G,64.2,7.1,,G,False
Scottie Barnes,TOR,20,74,43,31,35.4,15.3,12.6,49.2,2.6,30.1,2.9,73.5,2.6,4.9,7.5,3.5,1.8,1.1,0.7,2.6,33.2,13,0,0.9,2022,0,False,0.58,F,56.5,-1.9,,F,False
Franz Wagner,ORL,20,79,21,58,30.7,15.2,12.3,46.8,3.4,35.4,2.8,86.3,1.1,3.4,4.5,2.9,1.5,0.9,0.4,2.1,27.3,2,0,-3.1,2022,0,False,0.27,F,50.9,-7.3,,F,False
Bogdan Bogdanovic,ATL,29,63,33,30,29.3,15.1,12.6,43.1,7.3,36.8,1.8,84.3,0.5,3.5,4.0,3.1,1.1,1.1,0.2,2.1,27.3,0,0,3.0,2022,0,False,0.52,G,59.7,1.9,,G,False
Jusuf Nurkic,POR,27,56,25,31,28.2,15.0,10.7,53.5,1.0,26.8,4.8,69.0,3.0,8.1,11.1,2.8,2.6,1.1,0.6,3.4,35.1,30,0,0.2,2022,0,False,0.45,C,57.0,-3.1,,C,False
Wendell Carter Jr.,ORL,23,62,16,46,29.9,15.0,11.0,52.5,3.5,32.7,3.3,69.1,2.2,8.2,10.5,2.8,1.9,0.6,0.7,2.7,33.6,33,0,-2.2,2022,0,False,0.26,C-F,49.8,-10.3,,C-F,False
Aaron Gordon,DEN,26,75,46,29,31.7,15.0,11.1,52.0,3.5,33.5,3.1,74.3,1.7,4.2,5.9,2.5,1.8,0.6,0.6,2.0,27.5,6,0,4.3,2022,0,False,0.61,F,55.7,-2.6,,F,False
Seth Curry,BKN,31,64,38,26,33.3,15.0,11.5,48.7,5.8,42.2,1.5,87.2,0.3,2.8,3.1,3.6,1.7,0.8,0.2,2.3,25.6,1,0,3.0,2022,0,False,0.59,G,59.8,2.3,,G,False
Evan Mobley,CLE,20,69,40,29,33.8,15.0,12.0,50.8,1.3,25.0,3.7,66.3,2.1,6.2,8.3,2.5,1.9,0.8,1.7,2.1,34.2,21,0,1.4,2022,0,False,0.58,C,50.1,-9.0,,C,False
Kelly Oubre Jr.,CHA,26,76,39,37,26.3,15.0,12.3,44.0,7.3,34.5,2.5,66.7,1.0,2.9,4.0,1.1,0.9,1.0,0.4,2.5,24.8,1,0,-0.3,2022,0,False,0.51,F-G,61.6,2.8,,F-G,False
Josh Hart,POR,27,54,20,34,33.2,14.9,10.5,50.4,3.9,34.3,3.9,75.8,1.1,6.0,7.2,4.1,2.1,1.1,0.2,2.8,31.8,12,0,-3.7,2022,0,False,0.37,G,60.2,1.7,,G,False
Lauri Markkanen,CLE,24,61,32,29,30.8,14.8,11.5,44.5,6.2,35.8,2.6,86.8,1.0,4.7,5.7,1.3,0.9,0.7,0.5,2.1,26.3,3,0,2.8,2022,0,False,0.52,F-C,57.8,-1.2,,F-C,False
Chris Paul,PHX,36,65,53,12,32.9,14.7,11.3,49.3,3.1,31.7,3.1,83.7,0.3,4.0,4.4,10.8,2.4,1.9,0.3,2.1,40.3,34,2,7.1,2022,10,False,0.82,G,60.8,2.6,,G,False
Jaylen Hoard,OKC,23,7,2,5,34.2,14.7,12.9,48.9,3.6,36.0,2.0,42.9,4.3,7.7,12.0,2.4,1.1,0.9,0.7,2.0,36.3,4,0,-12.4,2022,0,False,0.29,F,56.1,0.1,,F,False
Will Barton,DEN,31,71,41,30,32.1,14.7,12.6,43.8,6.1,36.5,1.8,80.3,0.6,4.2,4.8,3.9,1.8,0.8,0.4,1.6,28.1,1,0,1.4,2022,0,False,0.58,G,61.6,3.3,,G,False
Bobby Portis,MIL,27,72,46,26,28.2,14.6,12.1,47.9,4.7,39.3,1.6,75.2,2.5,6.6,9.1,1.2,1.3,0.7,0.7,2.4,30.4,24,0,4.4,2022,0,False,0.64,F,55.0,-4.6,,F,False
Tim Hardaway Jr.,DAL,30,42,24,18,29.6,14.2,12.6,39.4,7.2,33.6,2.5,75.7,0.3,3.4,3.7,2.2,0.8,0.9,0.1,1.8,24.3,0,0,0.9,2022,0,False,0.57,G-F,61.0,3.3,,G-F,False
Mikal Bridges,PHX,25,82,64,18,34.8,14.2,10.5,53.4,3.8,36.9,1.9,83.4,0.9,3.3,4.2,2.3,0.8,1.2,0.4,1.8,26.6,0,0,7.0,2022,0,False,0.78,F,58.3,0.2,,F,False
Evan Fournier,NYK,29,80,36,44,29.5,14.1,12.1,41.7,7.7,38.9,1.4,70.8,0.4,2.2,2.6,2.1,1.3,1.0,0.3,2.3,22.8,0,0,-1.2,2022,0,False,0.45,G-F,61.6,3.9,,G-F,False
Malik Monk,LAL,24,76,32,44,28.1,13.8,10.9,47.3,5.8,39.1,1.5,79.5,0.5,2.9,3.4,2.9,1.6,0.8,0.4,1.8,24.1,1,0,0.7,2022,0,False,0.42,G,60.1,2.1,,G,False
Spencer Dinwiddie,DAL,29,67,38,29,29.6,13.7,11.0,41.6,4.9,33.9,3.8,77.4,0.7,3.5,4.2,5.2,1.6,0.7,0.2,2.2,27.5,7,1,-0.7,2022,0,False,0.57,G,58.5,0.9,,G,False
Mike Conley,UTA,34,72,44,28,28.6,13.7,11.0,43.5,5.8,40.8,2.3,79.6,0.7,2.4,3.0,5.3,1.7,1.3,0.3,2.0,28.5,2,0,4.8,2022,0,False,0.61,G,55.5,-2.0,,G,False
Kevin Love,CLE,33,74,38,36,22.5,13.6,10.3,43.0,6.4,39.2,2.7,83.8,1.2,6.1,7.2,2.2,1.3,0.4,0.2,1.4,26.0,15,0,1.3,2022,2,False,0.51,F-C,55.0,-3.9,,F-C,False
Dennis Schroder,HOU,28,64,32,32,28.7,13.5,11.3,43.1,3.9,34.4,2.9,85.3,0.5,2.8,3.3,4.6,2.2,0.8,0.1,2.4,25.1,1,0,-0.5,2022,0,False,0.5,G,57.3,0.5,,G,False
Jakob Poeltl,SAS,26,68,30,38,29.0,13.5,9.8,61.8,0.0,100.0,2.8,49.5,3.9,5.5,9.3,2.8,1.6,0.7,1.7,3.1,34.4,28,0,1.7,2022,0,False,0.44,C,52.7,-7.0,,C,False
Eric Gordon,HOU,33,57,19,38,29.3,13.4,9.9,47.5,5.3,41.2,2.4,77.8,0.3,1.7,2.0,2.7,1.9,0.5,0.3,1.1,20.4,0,0,-3.1,2022,0,False,0.33,G,54.8,-3.3,,G,False
Kyle Lowry,MIA,36,63,41,22,33.9,13.4,10.0,44.0,6.1,37.7,2.8,85.1,0.5,4.0,4.5,7.5,2.7,1.1,0.3,2.8,31.4,16,2,4.0,2022,1,False,0.65,G,62.2,3.8,,G,False
De'Andre Hunter,ATL,24,53,28,25,29.8,13.4,10.8,44.2,3.7,37.9,3.1,76.5,0.5,2.8,3.3,1.3,1.3,0.7,0.4,2.9,21.2,2,0,0.5,2022,0,False,0.53,F-G,56.2,-2.0,,F-G,False
Carmelo Anthony,LAL,37,69,27,42,26.0,13.3,10.5,44.1,5.8,37.5,2.3,83.0,0.9,3.3,4.2,1.0,0.9,0.7,0.8,2.4,23.3,1,0,-1.3,2022,6,False,0.39,F,58.3,-0.6,,F,False
Derrick White,BOS,27,75,40,35,29.3,13.2,10.7,42.1,4.9,31.2,3.1,86.4,0.5,3.0,3.5,4.9,1.6,0.9,0.8,2.3,28.0,2,0,2.7,2022,0,False,0.53,G,52.3,-6.3,,G,False
Kentavious Caldwell-Pope,WAS,29,77,34,43,30.2,13.2,10.8,43.5,5.3,39.0,2.0,89.0,0.5,2.9,3.4,1.9,1.3,1.1,0.3,1.8,23.1,2,0,-3.0,2022,0,False,0.44,G,60.4,2.5,,G,False
Montrezl Harrell,CHA,28,71,36,35,23.1,13.1,7.8,64.5,0.2,23.5,4.2,71.6,2.1,4.0,6.1,2.0,1.0,0.4,0.6,1.9,25.5,7,0,1.2,2022,0,False,0.51,F-C,58.3,-1.4,,F-C,False
Chris Duarte,IND,24,55,21,34,28.0,13.1,11.3,43.2,4.6,36.9,2.0,80.4,0.7,3.4,4.1,2.1,1.6,1.0,0.2,1.7,23.1,0,0,-1.0,2022,0,False,0.38,G,55.6,-2.2,,G,False
Ricky Rubio,IND,31,34,20,14,28.5,13.1,12.1,36.3,5.1,33.9,3.0,85.4,0.4,3.7,4.1,6.6,2.6,1.4,0.2,2.2,30.3,5,0,5.4,2022,0,False,0.59,G,51.4,-5.7,,G,False
Lonzo Ball,CHI,24,35,22,13,34.6,13.0,10.9,42.3,7.4,42.3,0.8,75.0,1.0,4.4,5.4,5.1,2.3,1.8,0.9,2.4,32.9,3,1,2.3,2022,0,False,0.63,G,53.9,-3.8,,G,False
LaMarcus Aldridge,BKN,36,47,26,21,22.3,12.9,9.7,55.0,1.0,30.4,2.2,87.3,1.6,3.9,5.5,0.9,0.9,0.3,1.0,1.7,23.8,2,0,0.4,2022,5,False,0.55,C-F,52.8,-6.7,,C-F,False
Brandon Williams,POR,22,24,2,22,26.7,12.9,11.8,37.2,4.4,29.2,4.0,70.1,0.8,2.3,3.1,3.9,2.4,1.0,0.4,2.2,24.3,2,0,-11.3,2022,0,False,0.08,G,56.5,0.4,,G,False
Myles Turner,IND,26,42,15,27,29.4,12.9,9.4,50.9,4.4,33.3,2.5,75.2,1.5,5.5,7.1,1.0,1.3,0.7,2.8,2.8,32.1,9,0,-0.3,2022,0,False,0.36,C-F,53.2,-7.3,,C-F,False
Coby White,CHI,22,61,32,29,27.5,12.7,10.6,43.3,5.8,38.5,1.5,85.7,0.3,2.7,3.0,2.9,1.1,0.5,0.2,2.2,21.4,1,0,-0.6,2022,0,False,0.52,G,58.5,1.6,,G,False
Monte Morris,DEN,26,75,44,31,29.9,12.6,10.3,48.4,4.2,39.5,1.1,86.9,0.4,2.7,3.0,4.4,1.0,0.7,0.2,1.2,24.6,0,0,3.8,2022,0,False,0.59,G,63.4,6.3,,G,False
Josh Giddey,OKC,19,54,17,37,31.5,12.5,12.4,41.9,3.9,26.3,1.5,70.9,1.8,6.0,7.8,6.4,3.2,0.9,0.4,1.6,32.2,16,4,-5.5,2022,0,False,0.31,G,54.5,-4.1,,G,False
Cameron Johnson,PHX,26,66,50,16,26.2,12.5,9.2,46.0,5.9,42.5,1.7,86.0,0.6,3.5,4.1,1.5,0.7,0.9,0.2,1.7,22.3,0,0,3.3,2022,0,False,0.76,F,53.3,-4.5,,F,False
Brook Lopez,MIL,34,13,10,3,23.0,12.4,10.1,46.6,4.1,35.8,1.8,87.0,1.5,2.6,4.1,0.5,0.9,0.6,1.2,2.6,22.4,0,0,-0.5,2022,0,False,0.77,C,47.1,-13.3,,C,False
Victor Oladipo,MIA,29,8,4,4,21.6,12.4,9.1,47.9,4.5,41.7,2.4,73.7,0.4,2.5,2.9,3.5,2.0,0.6,0.1,1.6,21.3,1,0,-0.6,2022,1,False,0.5,G,50.0,-10.0,,G,False
Devin Vassell,SAS,21,71,29,42,27.3,12.3,10.8,42.7,5.4,36.1,1.4,83.8,0.6,3.7,4.3,1.9,0.8,1.1,0.6,2.0,24.5,1,0,0.5,2022,0,False,0.41,G-F,56.2,-1.7,,G-F,False
Lonnie Walker IV,SAS,23,70,27,43,23.0,12.1,10.9,40.7,5.0,31.4,2.1,78.4,0.3,2.3,2.6,2.2,1.0,0.6,0.3,1.4,20.2,0,0,-1.1,2022,0,False,0.39,G-F,54.9,-2.8,,G-F,False
Marcus Smart,BOS,28,71,47,24,32.3,12.1,10.1,41.8,5.1,33.1,2.5,79.3,0.6,3.2,3.8,5.9,2.2,1.7,0.3,2.3,29.0,2,0,6.2,2022,0,False,0.66,G,59.9,2.3,,G,False
Malik Beasley,MIN,25,79,46,33,25.0,12.1,10.8,39.1,8.1,37.7,0.8,81.7,0.3,2.5,2.9,1.5,0.5,0.5,0.2,1.1,19.3,0,0,1.0,2022,0,False,0.58,G,60.5,2.3,,G,False
Kevin Huerter,ATL,23,74,40,34,29.6,12.1,10.3,45.4,5.6,38.9,0.7,80.8,0.4,3.0,3.4,2.7,1.2,0.7,0.4,2.5,22.3,1,0,2.3,2022,0,False,0.54,G-F,60.2,2.9,,G-F,False
Derrick Rose,NYK,33,26,11,15,24.5,12.0,10.5,44.5,3.5,40.2,1.2,96.8,0.8,2.2,3.0,4.0,1.5,0.8,0.5,0.6,23.9,0,0,3.5,2022,1,False,0.42,G,45.6,-11.1,,G,False
Luke Kennard,LAC,25,70,35,35,27.4,11.9,9.1,44.9,6.0,44.9,1.1,89.6,0.3,3.0,3.3,2.1,0.9,0.6,0.1,1.4,20.2,1,0,2.6,2022,0,False,0.5,G,56.0,-1.8,,G,False
Devonte' Graham,NOP,27,76,34,42,28.4,11.9,10.7,36.3,7.4,34.1,1.8,84.3,0.5,1.8,2.3,4.2,1.4,0.9,0.2,1.3,22.8,0,0,0.5,2022,0,False,0.45,G,62.2,5.1,,G,False
Jae'Sean Tate,HOU,26,78,19,59,26.4,11.8,9.3,49.8,2.6,31.2,2.4,70.7,1.7,3.7,5.4,2.8,1.8,0.9,0.5,3.7,25.1,7,0,-5.2,2022,0,False,0.24,F,57.4,-1.6,,F,False
Jalen Suggs,ORL,20,48,16,32,27.2,11.8,11.4,36.1,4.1,21.4,3.4,77.3,0.5,3.0,3.6,4.4,3.0,1.2,0.4,3.0,24.5,2,0,-4.3,2022,0,False,0.33,G,52.8,-5.7,,G,False
Danilo Gallinari,ATL,33,66,35,31,25.3,11.7,9.0,43.4,4.5,38.1,2.4,90.4,0.5,4.1,4.7,1.5,0.6,0.4,0.2,1.4,20.8,2,0,1.6,2022,0,False,0.53,F,63.6,4.5,,F,False
Alec Burks,NYK,30,81,37,44,28.6,11.7,9.0,39.1,4.8,40.4,3.3,82.2,0.6,4.3,4.9,3.0,1.1,1.0,0.3,2.7,24.9,2,0,1.5,2022,0,False,0.46,G,60.3,1.7,,G,False
Kemba Walker,NYK,31,37,16,21,25.6,11.6,10.0,40.3,5.4,36.7,1.9,84.5,0.4,2.6,3.0,3.5,1.3,0.7,0.2,1.0,21.9,1,1,-4.9,2022,1,False,0.43,G,62.3,4.6,,G,False
Cameron Oliver,ATL,25,2,1,1,21.7,11.5,7.5,66.7,1.5,33.3,1.5,66.7,1.0,2.0,3.0,1.5,0.0,0.5,0.5,2.5,20.4,0,0,-1.0,2022,0,False,0.5,F,58.3,-6.1,,F,False
Davion Mitchell,SAC,23,75,28,47,27.7,11.5,11.2,41.8,4.3,31.6,1.1,65.9,0.4,1.8,2.2,4.2,1.5,0.7,0.3,1.9,22.0,3,0,-3.7,2022,0,False,0.37,G,54.6,-2.9,,G,False
Patty Mills,BKN,33,81,44,37,29.0,11.4,9.8,40.8,7.0,40.0,0.7,81.4,0.2,1.7,1.9,2.3,0.9,0.6,0.2,1.4,18.7,0,0,1.4,2022,0,False,0.54,G,59.5,2.1,,G,False
Doug McDermott,SAS,30,51,21,30,24.0,11.3,9.1,46.2,5.0,42.2,1.0,78.4,0.4,1.9,2.3,1.3,0.8,0.3,0.1,1.5,16.2,0,0,-0.7,2022,0,False,0.41,F,65.2,7.1,,F,False
Rui Hachimura,WAS,24,42,16,26,22.5,11.3,9.1,49.1,2.9,44.7,1.6,69.7,0.6,3.2,3.8,1.1,0.8,0.5,0.2,1.3,19.1,0,0,-3.0,2022,0,False,0.38,F,61.7,1.7,,F,False
Immanuel Quickley,NYK,22,78,35,43,23.1,11.3,9.3,39.2,5.1,34.6,2.6,88.1,0.4,2.8,3.2,3.5,1.3,0.7,0.0,2.1,21.3,4,2,3.4,2022,0,False,0.45,G,50.2,-5.6,,G,False
Joe Harris,BKN,30,14,10,4,30.2,11.3,8.9,45.2,6.3,46.6,0.4,83.3,0.4,3.6,4.0,1.0,1.1,0.5,0.1,2.2,18.4,0,0,1.1,2022,0,False,0.71,G-F,55.7,-2.7,,G-F,False
Marvin Bagley III,DET,23,48,17,31,23.9,11.3,9.3,50.4,2.0,23.7,2.1,66.3,2.2,4.9,7.0,0.8,0.8,0.5,0.4,1.9,22.5,7,0,-2.8,2022,0,False,0.35,F,54.5,-5.3,,F,False
Gary Harris,ORL,27,61,16,45,28.4,11.1,9.1,43.4,5.0,38.4,1.6,87.4,0.6,1.4,2.0,1.8,1.0,1.0,0.1,1.8,18.5,0,0,-3.4,2022,0,False,0.26,G,56.1,-1.6,,G,False
Grayson Allen,MIL,26,66,43,23,27.3,11.1,8.6,44.8,5.9,40.9,1.1,86.5,0.5,2.9,3.4,1.5,0.7,0.7,0.3,1.5,19.7,0,0,3.5,2022,0,False,0.65,G,55.7,-2.0,,G,False
Clint Capela,ATL,27,74,40,34,27.6,11.1,8.2,61.3,0.0,0.0,2.3,47.3,3.8,8.1,11.9,1.2,0.6,0.7,1.3,2.2,32.6,35,0,1.7,2022,0,False,0.54,C,57.0,-3.2,,C,False
Dorian Finney-Smith,DAL,28,80,51,29,33.0,11.0,8.7,47.1,5.4,39.5,1.0,67.5,1.5,3.2,4.7,1.9,1.0,1.1,0.5,2.3,23.2,1,0,3.0,2022,0,False,0.64,F,57.0,-1.7,,F,False
Zavier Simpson,OKC,25,4,1,3,43.5,11.0,13.0,36.5,2.0,12.5,1.3,100.0,0.5,4.8,5.3,7.5,2.5,1.3,1.0,3.8,32.8,0,0,-23.8,2022,0,False,0.25,G,50.0,-7.6,,G,False
Hamidou Diallo,DET,23,58,14,44,21.9,11.0,9.1,49.6,1.6,24.7,2.4,65.0,1.2,3.6,4.8,1.3,1.0,1.2,0.3,2.5,22.1,5,0,-3.6,2022,0,False,0.24,G,54.5,-4.8,,G,False
Duncan Robinson,MIA,28,79,52,27,25.9,10.9,9.2,39.9,7.9,37.2,0.8,83.6,0.3,2.3,2.6,1.6,0.8,0.5,0.2,2.5,17.8,0,0,1.3,2022,0,False,0.66,F,59.6,1.3,,F,False
De'Anthony Melton,MEM,23,73,49,24,22.7,10.8,9.5,40.4,5.1,37.4,1.6,75.0,0.9,3.6,4.5,2.7,1.5,1.4,0.5,1.8,24.6,2,0,3.0,2022,0,False,0.67,G,58.7,0.8,,G,False
Markelle Fultz,ORL,23,18,6,12,20.0,10.8,9.7,47.4,0.9,23.5,1.7,80.6,0.2,2.5,2.7,5.5,2.2,1.1,0.3,1.2,24.3,1,0,-2.1,2022,0,False,0.33,G,60.3,4.0,,G,False
Darius Bazley,OKC,21,69,19,50,27.9,10.8,9.4,42.2,3.9,29.7,2.5,68.8,1.0,5.3,6.3,1.4,1.3,0.8,1.0,1.0,24.7,7,0,-6.8,2022,0,False,0.28,F,62.1,2.6,,F,False
Cameron Payne,PHX,27,58,46,12,22.0,10.8,10.1,40.9,3.6,33.6,1.5,84.3,0.4,2.6,3.0,4.9,1.8,0.7,0.3,2.1,22.9,3,0,2.6,2022,0,False,0.79,G,62.1,3.6,,G,False
Terance Mann,LAC,25,81,41,40,28.6,10.8,8.5,48.4,2.6,36.5,2.0,78.0,1.3,4.0,5.2,2.6,1.0,0.7,0.3,2.2,22.7,6,0,0.8,2022,0,False,0.51,G-F,54.9,-2.6,,G-F,False
Cedi Osman,CLE,27,66,37,29,22.1,10.7,8.7,43.2,5.4,35.7,2.0,66.4,0.4,1.8,2.2,2.0,1.0,0.8,0.2,1.9,18.3,0,0,-0.9,2022,0,False,0.56,F,60.3,3.3,,F,False
Melvin Frazier Jr.,OKC,25,3,0,3,39.9,10.7,16.0,27.1,7.0,4.8,2.3,71.4,1.7,2.7,4.3,0.3,1.0,0.3,0.0,2.7,16.4,0,0,-30.7,2022,0,False,0.0,G-F,69.2,12.1,,G-F,False
Mo Bamba,ORL,23,71,19,52,25.7,10.6,8.7,48.0,4.0,38.1,1.0,78.1,2.1,6.0,8.1,1.2,1.1,0.5,1.7,2.6,27.6,20,0,-5.3,2022,0,False,0.27,C,54.3,-5.7,,C,False
Nickeil Alexander-Walker,UTA,23,65,29,36,22.6,10.6,10.5,37.2,5.2,31.1,1.7,74.3,0.6,2.3,2.9,2.4,1.4,0.7,0.4,1.6,19.5,2,0,-1.7,2022,0,False,0.45,G,61.0,2.7,,G,False
Max Strus,MIA,26,68,46,22,23.3,10.6,8.3,44.1,6.5,41.0,0.8,79.2,0.4,2.6,3.0,1.4,0.8,0.4,0.2,1.7,17.3,0,0,2.5,2022,0,False,0.68,G-F,60.7,2.2,,G-F,False
Frank Jackson,DET,23,53,9,44,22.0,10.6,9.1,40.2,5.3,30.8,2.0,82.7,0.4,1.3,1.6,1.0,0.7,0.5,0.2,1.7,15.4,0,0,-3.5,2022,0,False,0.17,G,59.2,2.6,,G,False
Frank Kaminsky,PHX,29,9,8,1,20.1,10.6,7.3,54.5,1.7,33.3,2.2,90.0,1.2,3.3,4.6,1.4,0.6,0.9,0.8,1.6,22.6,0,0,4.3,2022,0,False,0.89,F-C,50.0,-6.4,,F-C,False
Trey Lyles,SAC,26,75,19,56,20.5,10.5,7.5,46.6,2.8,32.1,3.2,80.2,1.2,3.9,5.1,1.2,1.0,0.4,0.4,1.6,19.8,3,0,-3.0,2022,0,False,0.25,F,61.5,2.2,,F,False
Tre Mann,OKC,21,60,17,43,22.8,10.4,9.8,39.3,4.5,36.0,1.4,79.3,0.4,2.4,2.9,1.5,1.2,0.8,0.2,1.7,17.9,0,0,-4.6,2022,0,False,0.28,G,59.6,2.5,,G,False
Brandon Clarke,MEM,25,64,44,20,19.5,10.4,7.0,64.4,0.3,22.7,2.0,65.4,2.1,3.2,5.3,1.3,0.5,0.6,1.1,1.9,23.3,4,0,2.8,2022,0,False,0.69,F,49.4,-8.2,,F,False
Richaun Holmes,SAC,28,45,16,29,23.9,10.4,6.7,66.0,0.1,40.0,2.0,77.8,2.1,5.0,7.0,1.1,1.2,0.4,0.9,2.8,23.1,8,0,-3.0,2022,0,False,0.36,F,51.9,-7.1,,F,False
Terence Davis,SAC,24,30,11,19,17.9,10.4,8.9,42.3,5.0,32.9,1.5,81.8,0.4,2.8,3.1,1.3,1.1,0.8,0.4,2.3,18.6,0,0,2.0,2022,0,False,0.37,G,60.4,3.5,,G,False
Ivica Zubac,LAC,25,76,40,36,24.4,10.3,6.5,62.6,0.0,0.0,3.0,72.7,2.9,5.6,8.5,1.6,1.5,0.5,1.0,2.7,25.8,25,0,-1.7,2022,0,False,0.53,C,53.0,-6.8,,C,False
Jeff Green,DEN,35,75,44,31,24.7,10.3,7.1,52.4,2.2,31.5,2.6,83.3,0.5,2.5,3.1,1.3,0.9,0.4,0.4,2.0,17.2,1,0,0.8,2022,0,False,0.59,F,61.5,2.3,,F,False
P.J. Washington,CHA,23,65,33,32,27.2,10.3,8.2,47.0,4.6,36.5,1.2,71.6,1.3,3.9,5.2,2.3,1.3,0.9,0.9,2.3,24.1,3,0,2.2,2022,0,False,0.51,F,56.7,-2.6,,F,False
Josh Richardson,SAS,28,65,38,27,24.6,10.2,8.2,43.8,3.8,41.5,1.7,88.9,0.6,2.2,2.8,1.8,1.0,0.9,0.4,1.8,19.2,0,0,2.1,2022,0,False,0.58,G,57.3,0.8,,G,False
Ben McLemore,POR,29,64,20,44,20.1,10.2,8.4,40.1,6.5,36.2,1.4,81.8,0.2,1.4,1.6,0.9,0.9,0.6,0.2,1.6,14.9,0,0,-5.5,2022,0,False,0.31,G,67.6,9.5,,G,False
Al Horford,BOS,35,69,46,23,29.1,10.2,8.2,46.7,3.8,33.6,1.4,84.2,1.6,6.1,7.7,3.4,0.9,0.7,1.3,1.9,29.6,15,0,5.6,2022,1,False,0.67,C-F,49.1,-9.5,,C-F,False
Cam Reddish,NYK,22,49,20,29,20.7,10.1,8.3,40.4,3.8,35.9,2.3,90.2,0.5,1.6,2.1,1.0,1.2,1.0,0.3,1.2,16.8,0,0,-4.4,2022,0,False,0.41,F-G,61.8,3.5,,F-G,False
Justin Holiday,SAC,33,74,25,49,27.8,10.1,8.9,39.4,6.5,36.7,0.8,80.6,0.4,2.2,2.6,1.7,0.9,0.8,0.4,2.1,18.5,0,0,-2.8,2022,0,False,0.34,F-G,62.4,4.4,,F-G,False
Bones Hyland,DEN,21,69,41,28,19.0,10.1,8.3,40.3,5.2,36.6,1.8,85.6,0.2,2.5,2.7,2.8,1.2,0.6,0.3,2.2,18.9,1,0,0.6,2022,0,False,0.59,G,61.5,3.1,,G,False
Isaiah Roby,OKC,24,45,10,35,21.1,10.1,7.2,51.4,2.2,44.4,2.6,67.2,1.7,3.2,4.8,1.6,1.0,0.8,0.8,2.4,22.0,4,0,-4.1,2022,0,False,0.22,F,61.4,1.1,,F,False
Devin Cannady,ORL,25,5,2,3,28.9,10.0,8.8,34.1,7.4,40.5,1.4,71.4,0.2,1.0,1.2,2.0,1.0,1.0,0.6,1.8,18.2,0,0,-2.2,2022,0,False,0.4,G,65.4,9.0,,G,False
Garrison Mathews,HOU,25,65,19,46,26.3,10.0,7.1,39.9,5.9,36.0,2.8,79.4,0.5,2.4,2.9,1.0,0.6,0.9,0.4,2.6,18.1,0,0,-3.4,2022,0,False,0.29,G,59.2,1.7,,G,False
Terrence Ross,ORL,31,63,14,49,23.0,10.0,8.8,39.7,4.2,29.2,2.1,86.2,0.3,2.2,2.6,1.8,1.2,0.4,0.2,1.1,16.5,0,0,-5.5,2022,0,False,0.22,G-F,62.5,4.3,,G-F,False
Robert Williams III,BOS,24,61,40,21,29.6,10.0,6.0,73.6,0.0,0.0,1.5,72.2,3.9,5.7,9.6,2.0,1.0,0.9,2.2,2.2,32.8,25,1,6.1,2022,0,False,0.66,C-F,48.0,-11.0,,C-F,False
Talen Horton-Tucker,LAL,21,60,23,37,25.2,10.0,9.0,41.6,3.0,26.9,2.1,80.0,0.6,2.6,3.2,2.7,1.4,1.0,0.5,2.5,20.8,1,0,-1.5,2022,0,False,0.38,G,56.6,-0.9,,G,False
Pat Connaughton,MIL,29,65,41,24,26.0,9.9,7.6,45.8,5.7,39.5,0.8,83.3,0.7,3.5,4.2,1.3,0.5,0.9,0.2,1.3,19.7,0,0,-0.4,2022,0,False,0.63,G,63.1,4.7,,G,False
Eric Bledsoe,POR,32,54,27,27,25.2,9.9,8.7,42.1,3.0,31.3,2.2,76.1,0.5,2.9,3.4,4.2,2.1,1.3,0.4,1.6,22.9,2,0,-0.7,2022,0,False,0.5,G,54.2,-3.4,,G,False
Michael Porter Jr.,DEN,23,9,5,4,29.4,9.9,11.4,35.9,5.3,20.8,1.0,55.6,1.0,5.6,6.6,1.9,1.3,1.1,0.2,1.8,23.3,1,0,6.4,2022,0,False,0.56,F,67.4,7.4,,F,False
Duane Washington Jr.,IND,22,48,12,36,20.2,9.9,8.9,40.5,4.5,37.7,1.3,75.4,0.1,1.6,1.7,1.8,1.2,0.5,0.1,1.4,15.2,0,0,-2.6,2022,0,False,0.25,G,59.1,2.1,,G,False
Nassir Little,POR,22,42,19,23,25.9,9.8,7.5,46.0,3.7,33.1,2.2,73.4,1.4,4.2,5.6,1.3,1.0,0.6,0.9,2.0,21.8,3,0,-0.5,2022,0,False,0.45,F-G,52.3,-5.6,,F-G,False
Terry Taylor,IND,22,33,7,26,21.6,9.6,6.7,61.4,1.2,31.6,1.5,70.6,2.9,2.3,5.2,1.2,0.7,0.4,0.2,1.8,19.1,2,0,-3.5,2022,0,False,0.21,F,59.0,0.5,,F,False
Alperen Sengun,HOU,19,72,18,54,20.7,9.6,7.3,47.4,1.6,24.8,3.2,71.1,1.9,3.5,5.5,2.6,2.0,0.8,0.9,3.0,23.3,8,0,-4.3,2022,0,False,0.25,C,60.2,1.3,,C,False
Herbert Jones,NOP,23,78,36,42,29.9,9.5,7.4,47.6,2.2,33.7,2.1,84.0,1.3,2.5,3.8,2.1,1.3,1.7,0.8,3.1,23.3,1,0,0.9,2022,0,False,0.46,F,57.1,-1.6,,F,False
Jae Crowder,PHX,31,67,54,13,28.1,9.4,8.1,39.9,5.4,34.8,1.3,78.9,0.4,4.8,5.3,1.9,0.8,1.4,0.4,2.6,23.3,1,0,5.9,2022,0,False,0.81,F,59.7,0.8,,F,False
Chris Boucher,TOR,29,80,48,32,21.1,9.4,7.2,46.4,2.9,29.7,2.4,77.7,2.2,3.9,6.2,0.3,0.5,0.6,0.9,2.2,21.4,10,0,2.4,2022,0,False,0.6,F-C,54.9,-4.3,,F-C,False
Daniel Gafford,WAS,23,72,30,42,20.1,9.4,5.7,69.3,0.0,0.0,2.1,69.9,2.2,3.5,5.7,0.9,0.9,0.4,1.4,2.4,22.1,8,0,-2.9,2022,0,False,0.42,F-C,53.9,-5.2,,F-C,False
Jaxson Hayes,NOP,21,70,29,41,20.0,9.3,5.7,61.6,0.8,35.1,2.7,76.6,1.6,2.9,4.5,0.6,0.8,0.5,0.8,2.2,18.7,4,0,0.3,2022,0,False,0.41,C-F,55.7,-3.1,,C-F,False
Jonathan Kuminga,GSW,19,70,44,26,16.9,9.3,6.6,51.3,2.1,33.6,2.7,68.4,0.8,2.6,3.3,0.9,1.1,0.4,0.3,2.1,15.9,2,0,0.5,2022,0,False,0.63,F,53.8,-3.9,,F,False
Jaden McDaniels,MIN,21,70,40,30,25.8,9.2,7.9,46.0,3.6,31.7,1.0,80.3,1.1,3.1,4.2,1.1,1.1,0.7,0.8,3.2,19.4,0,0,0.0,2022,0,False,0.57,F,47.4,-10.8,,F,False
Jalen Smith,IND,22,51,29,22,18.1,9.2,6.9,50.3,2.4,32.8,2.0,76.5,2.0,4.0,6.0,0.5,0.8,0.3,0.8,1.9,19.6,9,0,0.6,2022,0,False,0.57,F-C,54.2,-4.5,,F-C,False
Georges Niang,PHI,28,76,48,28,22.8,9.2,7.4,43.7,5.1,40.3,0.8,88.1,0.3,2.3,2.7,1.3,0.8,0.4,0.2,2.5,15.4,0,0,0.9,2022,0,False,0.63,F,56.8,-2.2,,F,False
Reggie Perry,POR,22,10,0,10,18.7,9.2,7.9,50.6,1.6,18.8,1.5,60.0,1.5,3.2,4.7,1.2,1.1,0.9,0.6,3.3,20.0,1,0,-7.8,2022,0,False,0.0,F-C,66.7,9.5,,F-C,False
Patrick Beverley,MIN,33,58,33,25,25.4,9.2,7.5,40.6,4.2,34.3,2.3,72.2,1.1,3.1,4.1,4.6,1.3,1.2,0.9,3.0,26.0,2,0,1.9,2022,0,False,0.57,G,59.5,0.4,,G,False
JaVale McGee,PHX,34,74,57,17,15.8,9.2,6.2,62.9,0.1,22.2,2.0,69.9,2.2,4.5,6.7,0.6,1.3,0.3,1.1,2.4,20.9,10,0,1.6,2022,0,False,0.77,C-F,49.5,-9.1,,C-F,False
Caleb Martin,MIA,26,60,37,23,22.9,9.2,6.8,50.7,2.6,41.3,1.6,76.3,1.2,2.7,3.8,1.1,0.9,1.0,0.5,1.7,18.9,1,0,2.6,2022,0,False,0.62,F,55.5,-2.3,,F,False
Oshae Brissett,IND,23,67,19,48,23.3,9.1,7.6,41.1,3.5,35.0,2.4,69.5,1.6,3.7,5.3,1.1,0.8,0.7,0.4,1.7,19.6,5,0,-3.3,2022,0,False,0.28,F-G,61.9,3.5,,F-G,False
Kelly Olynyk,DET,31,40,13,27,19.1,9.1,7.2,44.8,3.0,33.6,2.2,77.5,1.4,3.1,4.4,2.8,1.5,0.8,0.5,2.5,20.9,1,0,-1.8,2022,0,False,0.32,F-C,57.4,-1.2,,F-C,False
Precious Achiuwa,TOR,22,73,46,27,23.6,9.1,8.3,43.9,2.1,35.9,1.8,59.5,2.0,4.5,6.5,1.1,1.2,0.5,0.6,2.1,20.6,6,0,1.0,2022,0,False,0.63,F,52.5,-6.9,,F,False
Willy Hernangomez,NOP,27,50,22,28,16.8,9.1,6.5,52.0,0.2,33.3,2.8,77.3,2.9,3.9,6.8,1.3,1.0,0.4,0.4,1.9,20.4,9,0,-0.9,2022,0,False,0.44,C-F,62.4,1.7,,C-F,False
Donte DiVincenzo,SAC,25,42,21,21,23.9,9.0,8.0,35.1,5.2,33.9,2.0,84.3,1.0,3.1,4.0,2.8,1.7,1.1,0.2,1.6,20.4,0,0,-1.8,2022,0,False,0.5,G,61.4,3.6,,G,False
Obi Toppin,NYK,24,72,32,40,17.1,9.0,6.6,53.1,2.3,30.8,1.7,75.8,1.0,2.8,3.7,1.1,0.8,0.3,0.5,1.4,16.7,3,0,2.3,2022,0,False,0.44,F,54.2,-3.3,,F,False
Patrick Williams,CHI,20,17,9,8,24.8,9.0,6.0,52.9,1.7,51.7,2.4,73.2,1.0,3.1,4.1,0.9,0.9,0.5,0.5,1.6,17.4,1,0,-3.3,2022,0,False,0.53,F,55.2,-2.2,,F,False
Bruce Brown,BKN,25,72,37,35,24.6,9.0,7.0,50.6,1.3,40.4,1.8,75.8,1.4,3.4,4.8,2.1,0.8,1.1,0.7,2.4,22.4,1,0,-0.6,2022,0,False,0.51,G-F,52.6,-5.9,,G-F,False
Amir Coffey,LAC,24,69,33,36,22.7,9.0,6.8,45.3,3.7,37.8,1.7,86.3,0.4,2.5,2.9,1.8,0.7,0.6,0.2,1.3,16.7,1,0,-0.7,2022,0,False,0.48,G-F,51.4,-7.1,,G-F,False
DeMarcus Cousins,DEN,31,48,33,15,14.9,9.0,6.8,46.0,2.5,30.3,2.6,76.0,1.5,4.1,5.6,1.5,1.8,0.7,0.4,2.9,19.7,2,0,0.8,2022,2,False,0.69,C,58.6,-0.6,,C,False
Moritz Wagner,ORL,25,63,16,47,15.2,9.0,6.3,49.7,3.2,32.8,2.0,80.6,0.7,3.0,3.7,1.4,0.9,0.3,0.2,2.0,16.1,3,0,-2.4,2022,0,False,0.25,F-C,62.6,4.6,,F-C,False
Chimezie Metu,SAC,25,60,23,37,21.3,8.9,7.5,45.2,3.1,30.6,1.5,78.0,0.6,5.0,5.6,1.0,1.0,0.9,0.5,1.6,20.2,6,0,-2.6,2022,0,False,0.38,F-C,57.5,-1.1,,F-C,False
Bryn Forbes,DEN,28,75,36,39,17.1,8.8,7.2,42.9,3.9,41.4,1.2,90.8,0.1,1.1,1.2,1.0,0.7,0.3,0.1,1.3,12.3,0,0,0.3,2022,0,False,0.48,G,58.9,1.6,,G,False
Ayo Dosunmu,CHI,22,77,42,35,27.4,8.8,6.9,52.0,2.4,37.6,1.0,67.9,0.4,2.4,2.8,3.3,1.4,0.8,0.4,2.4,19.2,4,0,-2.6,2022,0,False,0.55,G,57.5,1.2,,G,False
Kenyon Martin Jr.,HOU,21,79,20,59,21.0,8.8,6.6,53.3,2.1,35.7,1.6,63.4,1.0,2.7,3.8,1.3,0.8,0.4,0.5,1.4,17.3,2,0,-3.0,2022,0,False,0.25,F,58.5,0.8,,F,False
Isaac Okoro,CLE,21,67,34,33,29.6,8.8,6.4,48.0,2.3,35.0,2.3,76.8,1.1,1.9,3.0,1.8,0.9,0.8,0.3,2.4,17.7,0,0,1.5,2022,0,False,0.51,F-G,54.2,-2.3,,F-G,False
Dwight Powell,DAL,30,82,52,30,21.9,8.7,4.9,67.1,0.5,35.1,2.6,78.3,2.1,2.8,4.9,1.2,0.8,0.5,0.5,2.7,18.4,2,0,0.9,2022,0,False,0.63,F-C,59.8,0.2,,F-C,False
Nic Claxton,BKN,23,47,24,23,20.7,8.7,5.6,67.4,0.0,0.0,2.0,58.1,1.9,3.7,5.6,0.9,0.8,0.5,1.1,2.3,20.8,4,0,-0.6,2022,0,False,0.51,F-C,50.9,-7.9,,F-C,False
Gabe Vincent,MIA,25,68,47,21,23.4,8.7,7.5,41.7,4.8,36.8,0.8,81.5,0.3,1.5,1.9,3.1,1.4,0.9,0.2,2.3,17.4,0,0,1.5,2022,0,False,0.69,G,61.8,3.6,,G,False
Tyus Jones,MEM,25,73,51,22,21.2,8.7,7.6,45.1,2.8,39.0,0.9,81.8,0.2,2.2,2.4,4.4,0.6,0.9,0.0,0.4,20.4,2,0,3.5,2022,0,False,0.7,G,56.6,-0.6,,G,False
Chuma Okeke,ORL,23,70,21,49,25.0,8.6,8.2,37.6,5.3,31.8,0.9,84.6,0.7,4.3,5.0,1.7,0.8,1.4,0.6,1.4,22.3,3,0,-4.5,2022,0,False,0.3,F,59.4,0.6,,F,False
Reggie Bullock,DAL,31,68,44,24,28.0,8.6,7.4,40.1,5.8,36.0,0.7,83.3,0.5,3.1,3.5,1.2,0.6,0.6,0.2,1.6,16.5,0,0,4.0,2022,0,False,0.65,G-F,60.7,2.9,,G-F,False
Cam Thomas,BKN,20,67,32,35,17.6,8.5,7.5,43.3,2.6,27.0,1.6,82.9,0.2,2.2,2.4,1.2,0.8,0.5,0.1,1.0,14.2,0,0,-2.1,2022,0,False,0.48,G,61.4,4.1,,G,False
Robert Covington,LAC,31,71,34,37,27.3,8.5,7.0,42.0,4.8,37.8,1.0,84.1,0.8,4.7,5.5,1.3,1.1,1.5,1.3,2.7,24.2,1,0,0.5,2022,0,False,0.48,F,54.6,-4.4,,F,False
Jaylen Nowell,MIN,22,62,37,25,15.7,8.5,6.7,47.5,2.6,39.4,1.5,78.3,0.4,1.6,2.0,2.1,0.6,0.4,0.2,1.2,15.2,0,0,1.1,2022,0,False,0.6,G,61.4,3.7,,G,False
T.J. McConnell,IND,30,27,9,18,24.2,8.5,7.7,48.1,1.2,30.3,0.9,82.6,0.7,2.6,3.3,4.9,1.1,1.1,0.4,2.0,23.0,1,0,-2.7,2022,0,False,0.33,G,59.2,3.4,,G,False
Mitchell Robinson,NYK,24,72,32,40,25.7,8.5,4.8,76.1,0.0,0.0,2.5,48.6,4.1,4.5,8.6,0.5,0.8,0.8,1.8,2.7,26.7,20,0,-1.1,2022,0,False,0.44,C-F,51.4,-8.5,,C-F,False
Isaiah Thomas,CHA,33,22,12,10,15.2,8.4,7.6,40.1,3.8,33.7,1.2,84.6,0.2,1.1,1.3,1.5,0.7,0.3,0.2,1.5,13.2,0,0,-0.5,2022,1,False,0.55,G,45.2,-10.6,,G,False
Deni Avdija,WAS,21,82,35,47,24.2,8.4,7.1,43.2,3.2,31.7,1.7,75.7,0.6,4.5,5.2,2.0,1.1,0.7,0.5,2.3,20.3,3,0,-0.8,2022,0,False,0.43,F,52.2,-5.6,,F,False
Lance Stephenson,IND,31,46,11,35,17.7,8.3,7.0,45.5,2.0,30.0,1.7,78.8,0.3,2.5,2.8,3.6,1.6,0.5,0.1,2.1,17.3,3,0,-2.5,2022,0,False,0.24,F,71.6,13.1,,F,False
Nicolas Batum,LAC,33,59,31,28,24.8,8.3,6.6,46.3,4.6,40.0,0.6,65.8,0.5,3.8,4.3,1.7,0.7,1.0,0.7,1.4,20.4,0,0,-2.2,2022,0,False,0.53,G-F,56.3,-3.0,,G-F,False
Aaron Wiggins,OKC,23,50,13,37,24.2,8.3,6.7,46.3,2.8,30.4,1.7,72.9,1.0,2.5,3.6,1.4,1.1,0.6,0.2,1.9,16.0,0,0,-4.7,2022,0,False,0.26,G,62.8,4.5,,G,False
Landry Shamet,PHX,25,69,53,16,20.8,8.3,7.0,39.4,4.8,36.8,1.2,84.0,0.2,1.6,1.8,1.6,0.6,0.4,0.1,1.3,13.9,0,0,2.0,2022,0,False,0.77,G,51.9,-4.7,,G,False
Isaiah Stewart,DET,20,71,21,50,25.6,8.3,6.9,51.0,0.6,32.6,1.5,71.8,3.2,5.5,8.7,1.2,1.2,0.3,1.1,3.0,23.5,12,0,-5.2,2022,0,False,0.3,F-C,50.3,-9.7,,F-C,False
Isaiah Hartenstein,LAC,23,68,37,31,17.9,8.3,5.4,62.6,0.4,46.7,1.9,68.9,1.7,3.2,4.9,2.4,1.2,0.7,1.1,2.5,22.0,2,0,2.5,2022,0,False,0.54,C-F,49.9,-8.7,,C-F,False
Naz Reid,MIN,22,77,42,35,15.8,8.3,6.2,48.9,2.2,34.3,1.9,76.5,1.3,2.6,3.9,0.9,1.1,0.5,0.9,2.2,17.6,4,0,-1.2,2022,0,False,0.55,C-F,52.6,-7.2,,C-F,False
Isaiah Jackson,IND,20,36,9,27,15.0,8.3,5.7,56.3,0.4,31.3,2.4,68.2,1.7,2.5,4.1,0.3,1.1,0.7,1.4,2.6,18.9,3,0,-1.1,2022,0,False,0.25,F,56.4,-2.1,,F,False
Corey Kispert,WAS,23,77,31,46,23.4,8.2,6.7,45.5,4.2,35.0,0.8,87.1,0.7,2.0,2.7,1.1,0.6,0.5,0.3,1.2,14.7,0,0,0.5,2022,0,False,0.4,F,56.1,-0.9,,F,False
Hassan Whiteside,UTA,32,65,40,25,17.9,8.2,5.1,65.2,0.0,0.0,2.6,62.3,2.6,5.0,7.6,0.4,0.8,0.3,1.6,2.8,22.9,14,0,3.5,2022,0,False,0.62,C,54.0,-5.4,,C,False
Shake Milton,PHI,25,55,34,21,21.4,8.2,7.3,42.9,2.4,32.3,1.3,83.6,0.5,2.0,2.6,2.5,0.8,0.5,0.3,1.8,16.7,0,0,-0.5,2022,0,False,0.62,G-F,52.6,-5.1,,G-F,False
Otto Porter Jr.,GSW,28,63,41,22,22.2,8.2,6.6,46.4,3.4,37.0,1.0,80.3,1.4,4.4,5.7,1.5,0.6,1.1,0.5,1.3,21.3,5,0,3.7,2022,0,False,0.65,F,57.6,-1.6,,F,False
Daniel Theis,BOS,30,47,20,27,20.8,8.2,6.2,51.9,2.3,30.8,1.5,68.1,1.3,3.6,4.9,0.9,1.0,0.4,0.7,2.4,17.6,3,0,-1.9,2022,0,False,0.43,F-C,57.9,-2.0,,F-C,False
Onyeka Okongwu,ATL,21,48,26,22,20.7,8.2,4.7,69.0,0.0,0.0,2.3,72.7,2.4,3.5,5.9,1.1,0.9,0.6,1.3,3.1,21.7,1,0,2.3,2022,0,False,0.54,F-C,53.3,-5.5,,F-C,False
Rudy Gay,UTA,35,55,34,21,18.9,8.1,6.9,41.4,3.7,34.5,1.4,78.5,1.0,3.4,4.4,1.0,0.9,0.5,0.3,1.7,16.5,0,0,3.3,2022,0,False,0.62,F-G,53.0,-5.6,,F-G,False
Damian Jones,SAC,26,56,19,37,18.2,8.1,4.8,65.8,0.5,34.5,2.3,71.8,1.3,3.1,4.4,1.2,1.1,0.5,0.8,2.3,18.1,2,0,-3.1,2022,0,False,0.34,C,56.2,-3.0,,C,False
Ziaire Williams,MEM,20,62,41,21,21.7,8.1,6.8,45.0,3.9,31.4,0.9,78.2,0.4,1.7,2.1,1.0,0.7,0.6,0.2,1.8,13.8,0,0,2.0,2022,0,False,0.66,F,58.8,0.5,,F,False
Cory Joseph,DET,30,65,19,46,24.6,8.0,6.2,44.5,2.4,41.4,1.7,88.5,0.4,2.2,2.7,3.6,1.3,0.6,0.3,2.3,18.1,0,0,-3.1,2022,0,False,0.29,G,58.5,0.8,,G,False
Malik Newman,CLE,25,1,0,1,7.7,8.0,5.0,60.0,1.0,0.0,2.0,100.0,0.0,1.0,1.0,1.0,1.0,0.0,0.0,0.0,9.7,0,0,1.0,2022,0,False,0.0,,,,,,False
Mike Muscala,OKC,30,43,15,28,13.8,8.0,5.8,45.6,3.8,42.9,1.3,84.2,0.5,2.5,3.0,0.5,0.3,0.4,0.6,1.3,15.1,0,0,0.5,2022,0,False,0.35,F-C,46.3,-13.0,,F-C,False
Lindy Waters III,OKC,24,25,6,19,18.6,8.0,7.0,40.6,5.8,36.3,0.2,80.0,0.2,2.7,2.9,1.0,0.4,0.8,0.3,1.2,15.7,0,0,-1.6,2022,0,False,0.24,F,48.7,-8.9,,F,False
Andre Drummond,BKN,28,73,42,31,19.7,7.9,5.9,57.0,0.0,0.0,2.2,52.4,3.1,6.2,9.3,1.8,1.6,1.1,0.9,2.6,26.2,18,0,0.5,2022,1,False,0.58,C,57.7,-2.3,,C,False
Josh Christopher,HOU,20,74,18,56,18.0,7.9,6.8,44.8,2.6,29.6,1.5,73.5,0.7,1.8,2.5,2.0,1.5,0.9,0.2,1.3,15.6,0,0,-3.7,2022,0,False,0.24,G,68.5,10.6,,G,False
Jordan Nwora,MIL,23,62,34,28,19.1,7.9,7.5,40.3,3.7,34.8,0.7,83.7,0.6,3.0,3.6,1.0,0.9,0.4,0.3,1.3,14.7,3,0,-1.2,2022,0,False,0.55,F,60.2,2.9,,F,False
Grant Williams,BOS,23,77,49,28,24.4,7.8,5.6,47.5,3.4,41.1,1.2,90.5,0.8,2.7,3.6,1.0,0.8,0.5,0.7,2.4,16.5,1,0,1.9,2022,0,False,0.64,F,54.8,-3.3,,F,False
Zach Collins,SAS,24,28,14,14,17.9,7.8,5.5,49.0,1.5,34.1,2.3,80.0,1.6,3.8,5.5,2.2,1.6,0.5,0.8,2.4,19.9,1,0,1.4,2022,0,False,0.5,F-C,54.1,-5.1,,F-C,False
Drew Eubanks,POR,25,71,19,52,17.5,7.7,5.2,59.6,0.3,21.7,1.8,76.2,1.8,3.5,5.4,1.2,1.1,0.4,0.6,1.7,17.8,7,0,-4.6,2022,0,False,0.27,F-C,57.4,-1.6,,F-C,False
Cody Martin,CHA,26,71,41,30,26.3,7.7,6.0,48.2,2.2,38.4,1.5,70.1,1.2,2.9,4.0,2.5,0.9,1.2,0.5,1.6,20.5,0,0,-0.4,2022,0,False,0.58,F,58.5,0.1,,F,False
R.J. Hampton,ORL,21,64,15,49,21.9,7.6,7.1,38.3,2.9,35.0,1.8,64.1,0.4,2.7,3.0,2.5,1.4,0.7,0.2,1.6,16.2,0,0,-6.5,2022,0,False,0.23,G,68.6,12.3,,G,False
Aleksej Pokusevski,OKC,20,61,19,42,20.2,7.6,7.5,40.8,3.2,28.9,0.8,70.0,1.2,4.0,5.2,2.1,1.5,0.6,0.6,1.4,19.3,5,1,-0.7,2022,0,False,0.31,F,57.9,-1.7,,F,False
Furkan Korkmaz,PHI,24,67,44,23,21.1,7.6,7.0,38.7,4.0,28.9,1.3,81.0,0.3,2.3,2.6,1.9,0.7,0.5,0.1,0.9,14.7,1,0,0.5,2022,0,False,0.66,G-F,59.0,1.7,,G-F,False
P.J. Tucker,MIA,36,71,45,26,27.9,7.6,6.0,48.4,2.7,41.5,0.9,73.8,1.4,4.0,5.5,2.1,0.9,0.8,0.2,2.3,19.4,5,0,3.2,2022,0,False,0.63,F,57.0,-1.1,,F,False
Markieff Morris,MIA,32,17,10,7,17.5,7.6,6.7,47.4,2.3,33.3,0.5,88.9,1.0,1.6,2.6,1.4,1.2,0.4,0.1,1.9,12.9,0,0,1.1,2022,0,False,0.59,F,65.9,9.5,,F,False
Trendon Watford,POR,21,48,16,32,18.1,7.6,5.6,53.2,0.8,23.7,2.0,75.5,1.2,3.0,4.1,1.7,0.9,0.5,0.6,2.4,17.5,2,0,-7.3,2022,0,False,0.33,F,58.5,-1.0,,F,False
Kris Dunn,POR,28,14,1,13,24.0,7.6,7.3,43.1,0.8,9.1,1.3,94.4,0.6,2.9,3.5,5.6,2.3,1.6,0.2,2.7,23.5,0,0,-6.6,2022,0,False,0.07,G,58.4,1.5,,G,False
Kyle Anderson,MEM,28,69,46,23,21.5,7.6,6.8,44.6,1.6,33.0,1.5,63.8,1.0,4.3,5.3,2.7,1.0,1.1,0.7,1.6,22.2,2,0,0.9,2022,0,False,0.67,F-G,56.8,-2.4,,F-G,False
Draymond Green,GSW,32,46,34,12,28.9,7.5,5.6,52.5,1.2,29.6,2.0,65.9,1.0,6.3,7.3,7.0,3.0,1.3,1.1,3.0,30.9,4,1,4.2,2022,2,False,0.74,F,49.8,-9.4,,F,False
Raul Neto,WAS,29,70,29,41,19.6,7.5,6.3,46.3,1.7,29.2,1.5,76.9,0.2,1.7,1.9,3.1,1.1,0.8,0.0,1.5,15.8,0,0,-1.2,2022,0,False,0.41,G,60.1,3.6,,G,False
D.J. Wilson,TOR,26,4,2,2,13.5,7.5,3.8,73.3,0.5,0.0,2.5,80.0,0.3,3.8,4.0,1.3,0.5,1.3,0.3,1.5,18.2,0,0,-4.0,2022,0,False,0.5,F,55.0,-3.3,,F,False
Goran Dragic,BKN,35,21,10,11,23.7,7.5,7.2,37.7,3.0,25.4,1.6,81.8,0.6,2.5,3.1,4.1,1.6,0.9,0.2,2.1,19.0,0,0,0.3,2022,1,False,0.48,G,47.6,-7.6,,G,False
Jeremiah Robinson-Earl,OKC,21,49,15,34,22.2,7.5,6.6,41.4,3.4,35.2,1.1,74.1,1.5,4.1,5.6,1.0,0.8,0.6,0.3,1.5,17.6,3,0,-4.9,2022,0,False,0.31,F,56.1,-3.7,,F,False
Thomas Bryant,WAS,24,27,8,19,16.3,7.4,5.5,52.0,1.6,28.6,1.5,87.5,1.0,3.0,4.0,0.9,0.7,0.2,0.8,1.6,15.8,0,0,-2.8,2022,0,False,0.3,C-F,58.0,-1.3,,C-F,False
Alex Caruso,CHI,28,41,24,17,28.0,7.4,6.2,39.8,3.1,33.3,1.8,79.5,0.8,2.8,3.6,4.0,1.4,1.7,0.4,2.6,22.7,1,0,2.7,2022,0,False,0.59,G,60.1,2.6,,G,False
Damion Lee,GSW,29,63,41,22,19.9,7.4,6.1,44.1,3.0,33.7,1.2,88.0,0.4,2.8,3.2,1.0,0.6,0.6,0.1,1.5,14.3,0,0,1.5,2022,0,False,0.65,G-F,59.4,2.0,,G-F,False
Kenrich Williams,OKC,27,49,17,32,21.9,7.4,6.5,46.1,2.5,33.9,1.1,54.5,1.5,3.0,4.5,2.2,0.9,0.9,0.2,1.7,18.5,0,0,0.5,2022,0,False,0.35,G-F,56.3,-2.0,,G-F,False
Royce O'Neale,UTA,28,77,46,31,31.2,7.4,5.8,45.7,4.0,38.9,0.7,80.4,0.8,3.9,4.8,2.5,1.0,1.1,0.4,2.4,20.4,3,0,3.0,2022,0,False,0.6,F,57.8,-0.3,,F,False
Jared Harper,NOP,24,5,2,3,8.6,7.4,5.2,53.8,2.4,41.7,0.8,100.0,0.4,0.0,0.4,2.8,0.4,0.8,0.2,1.0,14.7,0,0,1.4,2022,0,False,0.4,G,0.0,-49.2,,G,False
Wes Iwundu,ATL,27,3,2,1,27.4,7.3,6.0,44.4,1.7,60.0,1.3,75.0,1.0,3.3,4.3,0.0,0.3,0.3,0.0,2.7,13.2,0,0,0.0,2022,0,False,0.67,F,78.6,14.9,,F,False
Jeremy Lamb,SAC,29,56,23,33,16.7,7.3,6.2,38.3,3.0,32.4,1.9,84.0,0.5,2.3,2.8,1.4,0.7,0.6,0.4,1.1,15.0,0,0,0.4,2022,0,False,0.41,G-F,65.5,6.7,,G-F,False
Austin Reaves,LAL,23,61,28,33,23.2,7.3,5.2,45.9,2.7,31.7,1.9,83.9,0.7,2.4,3.2,1.8,0.7,0.5,0.3,1.4,15.5,1,1,0.9,2022,0,False,0.46,G,56.9,0.6,,G,False
Taurean Prince,MIN,28,69,40,29,17.1,7.3,5.7,45.4,3.3,37.6,1.2,75.6,0.4,2.1,2.5,1.0,0.8,0.7,0.3,1.7,14.1,0,0,-0.1,2022,0,False,0.58,F,68.4,10.0,,F,False
Joe Ingles,POR,34,45,28,17,24.9,7.2,6.3,40.4,5.0,34.7,0.5,77.3,0.3,2.6,2.9,3.5,1.0,0.5,0.1,1.8,16.8,0,0,4.1,2022,0,False,0.62,F-G,69.8,11.6,,F-G,False
Keon Johnson,POR,20,37,8,29,18.8,7.2,7.4,35.3,2.7,34.0,1.4,80.4,0.6,1.5,2.2,2.1,1.2,0.8,0.3,1.9,14.9,0,0,-7.8,2022,0,False,0.22,G,63.6,5.3,,G,False
Javonte Green,CHI,28,65,38,27,23.4,7.2,5.0,54.2,1.6,35.6,1.5,83.3,1.4,2.8,4.2,0.9,0.5,1.0,0.5,2.0,17.8,0,0,0.3,2022,0,False,0.58,G-F,55.7,-2.8,,G-F,False
Braxton Key,DET,25,11,5,6,17.9,7.2,6.5,45.8,1.9,28.6,1.2,53.8,1.2,3.4,4.5,1.0,1.0,0.9,1.0,2.4,18.9,0,0,2.5,2022,0,False,0.45,F,55.3,-4.0,,F,False
Ty Jerome,OKC,24,48,15,33,16.7,7.1,6.8,37.8,3.9,29.0,1.0,80.9,0.4,1.2,1.6,2.3,0.8,0.6,0.1,1.5,13.9,0,0,-0.1,2022,0,False,0.31,G-F,57.4,0.0,,G-F,False
Theo Maledon,OKC,20,51,14,37,17.8,7.1,6.2,37.5,2.9,29.3,2.0,79.0,0.4,2.2,2.6,2.2,1.3,0.6,0.2,1.3,14.6,1,0,-3.9,2022,0,False,0.27,G,56.9,0.1,,G,False
Gary Payton II,GSW,29,71,47,24,17.6,7.1,4.8,61.6,1.7,35.8,0.8,60.3,1.0,2.5,3.5,0.9,0.6,1.4,0.3,1.8,17.0,1,0,2.5,2022,0,False,0.66,G,55.2,-2.5,,G,False
Robin Lopez,ORL,34,36,9,27,17.0,7.1,5.5,55.3,0.2,33.3,1.5,59.3,1.9,1.6,3.5,1.5,1.2,0.1,0.5,1.9,14.0,3,0,-1.8,2022,0,False,0.25,C,58.4,-0.3,,C,False
Sekou Doumbouya,LAL,21,2,0,2,8.2,7.0,4.0,62.5,1.0,50.0,2.0,75.0,1.0,2.0,3.0,0.0,1.0,1.5,1.0,0.5,17.1,0,0,12.0,2022,0,False,0.0,F,0.0,-56.2,,F,False
Goga Bitadze,IND,22,50,17,33,14.6,7.0,5.0,52.0,1.6,28.8,1.9,68.1,1.6,2.0,3.5,1.1,0.9,0.4,0.8,2.1,15.7,2,0,-0.6,2022,0,False,0.34,C-F,61.0,0.5,,C-F,False
Larry Nance Jr.,NOP,29,46,19,27,22.6,7.0,5.4,52.2,1.5,32.9,1.2,70.2,1.6,3.8,5.4,1.8,0.8,0.9,0.4,1.8,19.4,0,0,-1.3,2022,0,False,0.41,F-C,66.7,8.0,,F-C,False
Maxi Kleber,DAL,30,59,36,23,24.6,7.0,6.0,39.8,4.3,32.5,1.1,70.8,1.2,4.7,5.9,1.2,0.8,0.5,1.0,2.3,19.5,2,0,2.0,2022,0,False,0.61,F,52.1,-6.2,,F,False
Olivier Sarr,OKC,23,22,6,16,19.1,7.0,4.6,57.4,1.3,44.8,1.3,82.8,1.5,2.7,4.2,0.9,1.0,0.3,0.7,2.4,15.2,1,0,-1.3,2022,0,False,0.27,C,59.0,1.8,,C,False
Steven Adams,MEM,28,76,51,25,26.3,6.9,5.1,54.7,0.0,0.0,2.6,54.3,4.6,5.4,10.0,3.4,1.5,0.9,0.8,2.0,27.4,14,0,4.6,2022,0,False,0.67,C,58.2,-2.2,,C,False
Jarred Vanderbilt,MIN,23,74,41,33,25.4,6.9,4.9,58.7,0.2,14.3,1.8,65.6,2.9,5.5,8.4,1.3,1.0,1.3,0.6,2.4,23.8,8,0,2.2,2022,0,False,0.55,F,56.5,-3.8,,F,False
Killian Hayes,DET,20,66,21,45,25.0,6.9,7.0,38.3,2.5,26.3,1.1,77.0,0.5,2.6,3.2,4.2,1.7,1.2,0.5,2.8,20.4,2,0,-5.6,2022,0,False,0.32,G,56.8,-0.7,,G,False
Serge Ibaka,MIL,32,54,30,24,16.3,6.8,5.5,50.0,1.8,37.4,0.8,72.7,1.1,3.5,4.6,0.9,0.8,0.2,0.6,1.9,15.3,3,0,-1.0,2022,0,False,0.56,F,56.5,-3.8,,F,False
Mason Jones,LAL,23,4,2,2,12.6,6.8,3.8,46.7,1.0,25.0,3.8,80.0,0.3,2.3,2.5,1.0,0.3,0.5,0.0,2.0,12.5,0,0,5.8,2022,0,False,0.5,G,66.7,11.3,,G,False
Brandon Boston Jr.,LAC,20,51,26,25,14.9,6.7,6.4,38.5,2.2,30.6,1.4,81.9,0.3,1.8,2.2,1.0,0.6,0.5,0.3,0.8,12.5,0,0,-0.7,2022,0,False,0.51,G,60.2,2.3,,G,False
Wayne Ellington,LAL,34,43,15,28,18.8,6.7,5.5,41.4,4.9,38.9,0.3,81.8,0.2,1.6,1.8,0.7,0.4,0.5,0.1,1.0,11.4,0,0,-1.4,2022,0,False,0.35,G,56.0,-1.2,,G,False
Stanley Johnson,LAL,25,48,16,32,22.8,6.7,5.2,46.6,2.2,31.4,1.5,71.6,0.7,2.5,3.2,1.7,0.7,0.9,0.3,2.3,15.9,0,0,-1.0,2022,0,False,0.33,F-G,60.5,3.1,,F-G,False
Georgios Kalaitzakis,OKC,23,13,8,5,16.4,6.6,5.2,46.3,2.0,38.5,2.3,46.7,0.5,1.2,1.6,0.9,1.5,0.8,0.2,1.5,11.4,0,0,-10.3,2022,0,False,0.62,F,60.0,3.6,,F,False
Torrey Craig,PHX,31,78,36,42,20.5,6.6,5.7,45.4,3.0,32.9,0.7,75.0,1.1,2.9,4.0,1.2,0.9,0.6,0.5,1.9,15.4,3,0,-2.4,2022,0,False,0.46,F,56.2,-1.7,,F,False
Zeke Nnaji,DEN,21,41,24,17,17.0,6.6,4.5,51.6,2.0,46.3,1.6,63.1,1.4,2.2,3.6,0.4,0.6,0.4,0.3,1.9,13.1,0,0,-1.1,2022,0,False,0.59,F-C,62.5,3.8,,F-C,False
Mason Plumlee,CHA,32,73,40,33,24.6,6.5,4.4,64.1,0.0,0.0,2.3,39.2,2.4,5.3,7.7,3.1,1.4,0.8,0.7,3.1,23.7,7,0,0.1,2022,0,False,0.55,F-C,57.7,-2.4,,F-C,False
BJ Johnson,ORL,26,4,2,2,16.1,6.5,6.3,44.0,2.5,40.0,0.0,0.0,1.5,2.3,3.8,0.0,0.0,0.0,0.3,1.0,11.8,0,0,-3.0,2022,0,False,0.5,F,40.0,-15.4,,F,False
JaMychal Green,DEN,31,67,36,31,16.2,6.4,4.9,48.6,1.9,26.6,1.4,87.1,1.2,3.0,4.2,0.9,0.9,0.6,0.4,2.4,15.0,1,0,-1.3,2022,0,False,0.54,F-C,66.0,7.7,,F-C,False
Josh Jackson,SAC,25,51,12,39,16.3,6.4,5.9,40.0,2.5,25.4,1.5,71.4,0.4,2.4,2.8,1.1,0.9,0.5,0.4,1.7,13.2,0,0,-3.1,2022,0,False,0.24,G-F,56.8,-2.1,,G-F,False
Blake Griffin,BKN,33,56,29,27,17.1,6.4,5.6,42.5,2.6,26.2,1.4,72.4,1.1,3.0,4.1,1.9,0.6,0.5,0.3,1.7,15.8,1,0,-1.7,2022,5,False,0.52,F,55.5,-4.2,,F,False
Brandon Knight,DAL,30,5,2,3,12.9,6.4,5.0,40.0,3.4,23.5,1.6,100.0,0.0,1.6,1.6,1.6,0.8,0.2,0.0,1.0,10.5,0,0,-1.2,2022,0,False,0.4,G,83.3,25.7,,G,False
Justin Anderson,IND,28,16,3,13,19.7,6.4,5.9,37.9,3.7,25.4,1.2,78.9,0.3,2.6,2.9,2.1,0.5,0.5,0.4,1.4,15.0,0,0,-0.9,2022,0,False,0.19,F-G,61.4,1.9,,F-G,False
Isaiah Livers,DET,23,19,8,11,20.2,6.4,4.7,45.6,3.4,42.2,0.7,85.7,0.8,2.2,3.0,1.1,0.8,0.7,0.4,1.9,14.0,1,0,-0.5,2022,0,False,0.42,F,53.1,-3.8,,F,False
Avery Bradley,LAL,31,62,27,35,22.7,6.4,5.6,42.3,3.4,39.0,0.3,88.9,0.5,1.7,2.2,0.8,0.6,0.9,0.1,1.9,12.5,0,0,-2.9,2022,0,False,0.44,G,68.3,11.1,,G,False
Aaron Holiday,PHX,25,63,34,29,16.2,6.3,5.4,44.7,1.6,37.9,1.1,86.8,0.4,1.6,1.9,2.4,1.1,0.7,0.1,1.5,13.7,0,0,-0.6,2022,0,False,0.54,G,53.4,-2.6,,G,False
Derrick Walton Jr.,DET,27,3,1,2,36.1,6.3,8.7,23.1,4.3,23.1,1.3,100.0,0.7,2.7,3.3,7.0,3.7,2.3,1.3,2.7,28.2,0,0,-1.0,2022,0,False,0.33,G,30.0,-25.2,,G,False
Lou Williams,ATL,35,56,33,23,14.3,6.3,5.7,39.1,1.8,36.3,1.4,85.9,0.3,1.3,1.6,1.9,0.8,0.5,0.1,0.9,11.9,0,0,0.3,2022,0,False,0.59,G,60.2,3.2,,G,False
Ish Smith,WAS,33,65,27,38,17.3,6.3,6.6,43.0,1.0,37.3,0.4,62.5,0.4,1.8,2.2,3.8,1.2,0.7,0.4,1.2,16.6,1,0,-2.4,2022,0,False,0.42,G,60.0,3.3,,G,False
Dewayne Dedmon,MIA,32,67,43,24,15.9,6.3,4.3,56.6,0.7,40.4,1.5,75.0,1.6,4.2,5.8,0.7,1.0,0.4,0.6,2.6,16.2,3,0,0.7,2022,0,False,0.64,C,56.4,-3.6,,C,False
Hassani Gravett,ORL,25,8,2,6,21.4,6.3,4.8,47.4,3.3,42.3,0.5,75.0,0.1,2.5,2.6,2.5,1.1,0.6,0.1,1.6,14.3,0,0,-0.3,2022,0,False,0.25,G,56.7,3.2,,G,False
Vit Krejci,OKC,21,30,8,22,23.0,6.2,5.6,40.7,3.3,32.7,0.7,86.4,0.6,2.8,3.4,1.9,1.0,0.6,0.3,2.2,14.9,1,0,-6.0,2022,0,False,0.27,G,60.9,3.2,,G,False
Payton Pritchard,BOS,24,71,46,25,14.1,6.2,5.3,42.9,3.5,41.2,0.3,100.0,0.5,1.4,1.9,2.0,0.6,0.4,0.1,0.9,12.2,0,0,0.9,2022,0,False,0.65,G,54.9,-0.7,,G,False
Chaundee Brown Jr.,ATL,23,5,1,4,20.7,6.2,6.4,31.3,3.6,33.3,1.2,83.3,0.2,3.0,3.2,0.8,0.2,0.4,0.0,1.4,12.2,0,0,-4.0,2022,0,False,0.2,F,61.5,1.1,,F,False
Dwight Howard,LAL,36,60,21,39,16.2,6.2,3.7,61.2,0.3,53.3,2.4,65.8,2.0,4.0,5.9,0.6,0.8,0.6,0.6,1.9,16.9,5,0,-2.1,2022,8,False,0.35,C-F,63.7,3.8,,C-F,False
Thaddeus Young,TOR,33,52,27,25,16.3,6.2,5.2,51.8,0.9,35.4,0.9,46.9,1.5,2.5,4.0,2.0,1.0,1.0,0.3,1.6,17.1,0,0,0.4,2022,0,False,0.52,F,63.7,3.9,,F,False
Day'Ron Sharpe,BKN,20,32,12,20,12.2,6.2,4.7,57.7,0.2,28.6,1.3,58.5,2.5,2.5,5.0,0.5,0.9,0.3,0.5,1.9,14.4,2,0,1.8,2022,0,False,0.38,F,54.9,-4.8,,F,False
George Hill,MIL,35,54,36,18,23.2,6.2,5.1,42.9,2.5,30.6,1.1,91.9,0.7,2.2,2.9,2.2,0.8,0.8,0.1,1.3,14.9,0,0,5.8,2022,0,False,0.67,G,54.3,-2.3,,G,False
Jalen McDaniels,CHA,24,55,34,21,16.3,6.2,4.6,48.4,2.0,38.0,1.3,73.6,0.7,2.4,3.1,1.1,0.7,0.5,0.4,1.7,13.4,1,0,0.8,2022,0,False,0.62,F-C,58.0,-1.0,,F-C,False
Jose Alvarado,NOP,24,54,25,29,15.4,6.1,5.4,44.6,2.0,29.1,1.0,67.9,0.5,1.4,1.9,2.8,0.7,1.3,0.1,1.4,16.1,1,0,2.6,2022,0,False,0.46,G,61.3,3.8,,G,False
Nemanja Bjelica,GSW,33,71,48,23,16.1,6.1,4.8,46.8,2.1,36.2,1.1,72.8,0.9,3.3,4.1,2.2,1.2,0.6,0.4,1.8,16.0,3,0,1.8,2022,0,False,0.68,F,56.4,-2.2,,F,False
Lamar Stevens,CLE,24,63,35,28,16.1,6.1,5.1,48.9,1.0,27.7,1.2,70.7,0.7,1.9,2.6,0.7,0.7,0.5,0.3,1.7,11.9,0,0,-0.6,2022,0,False,0.56,F,56.0,-2.2,,F,False
Tristan Thompson,CHI,31,57,20,37,15.7,6.0,4.7,52.8,0.1,33.3,2.0,52.6,2.1,2.9,5.1,0.6,0.8,0.4,0.4,1.7,14.5,1,0,-1.1,2022,0,False,0.35,C-F,55.5,-4.1,,C-F,False
Alex Len,SAC,28,39,17,22,15.9,6.0,4.5,53.4,0.5,28.6,1.6,65.1,1.3,2.8,4.1,1.2,1.1,0.3,0.6,2.6,14.5,2,0,-1.9,2022,0,False,0.44,C,56.7,-3.9,,C,False
Austin Rivers,DEN,29,67,41,26,22.1,6.0,5.2,41.7,3.4,34.2,0.7,72.7,0.3,1.4,1.7,1.3,0.8,0.8,0.1,1.8,11.8,0,0,0.8,2022,0,False,0.61,G,60.6,3.0,,G,False
Kevon Looney,GSW,26,82,53,29,21.1,6.0,4.4,57.1,0.0,0.0,1.5,60.0,2.5,4.7,7.3,2.0,0.8,0.6,0.6,2.6,20.6,5,0,2.0,2022,0,False,0.65,F,56.1,-4.0,,F,False
Tre Jones,SAS,22,69,32,37,16.6,6.0,4.9,49.0,0.7,19.6,1.3,78.0,0.4,1.8,2.2,3.4,0.7,0.6,0.1,1.1,15.2,3,0,-0.2,2022,0,False,0.46,G,58.8,2.2,,G,False
Quentin Grimes,NYK,21,46,21,25,17.1,6.0,5.1,40.4,4.1,38.1,0.4,68.4,0.5,1.5,2.0,1.0,0.6,0.7,0.2,1.6,12.0,0,0,-1.2,2022,0,False,0.46,G,57.1,-0.6,,G,False
Kessler Edwards,BKN,21,48,22,26,20.6,5.9,5.6,41.2,2.8,35.3,0.4,84.2,0.9,2.7,3.6,0.6,0.9,0.6,0.5,1.8,13.6,1,0,-1.3,2022,0,False,0.46,F,60.9,2.2,,F,False
Danuel House Jr.,UTA,28,42,18,24,17.3,5.9,4.7,40.4,2.8,37.6,1.4,75.9,0.4,2.2,2.6,1.0,0.8,0.5,0.4,1.2,12.6,0,0,1.5,2022,0,False,0.43,F-G,57.8,-0.1,,F-G,False
Danny Green,PHI,34,62,37,25,21.8,5.9,5.2,39.4,4.4,38.0,0.2,78.6,0.5,2.0,2.5,1.0,0.7,1.0,0.6,1.7,14.5,0,0,1.3,2022,0,False,0.6,G,59.4,1.7,,G,False
Kira Lewis Jr.,NOP,21,24,6,18,14.2,5.9,6.1,40.4,2.4,22.4,0.5,83.3,0.4,1.3,1.6,2.0,1.1,0.5,0.0,0.7,11.3,0,0,-4.5,2022,0,False,0.25,G,62.7,5.2,,G,False
CJ Elleby,POR,21,58,17,41,20.2,5.8,5.3,39.3,2.2,29.4,1.4,71.4,1.1,2.8,3.9,1.5,1.0,0.6,0.3,2.0,14.6,0,0,-6.0,2022,0,False,0.29,F-G,53.8,-3.9,,F-G,False
Bismack Biyombo,PHX,29,36,30,6,14.1,5.8,4.0,59.3,0.0,0.0,2.0,53.5,1.8,2.9,4.6,0.6,0.7,0.3,0.7,1.9,14.8,6,0,1.4,2022,0,False,0.83,C,58.9,-0.6,,C,False
Luka Garza,DET,23,32,3,29,12.2,5.8,4.6,44.9,1.5,32.7,1.9,62.3,1.8,1.3,3.1,0.6,0.6,0.3,0.2,1.7,11.3,2,0,-2.0,2022,0,False,0.09,C,65.9,5.1,,C,False
Xavier Moon,LAC,27,10,7,3,13.7,5.8,5.1,49.0,1.4,35.7,0.5,60.0,0.2,1.2,1.4,2.4,0.6,0.7,0.3,0.9,13.5,0,0,0.2,2022,0,False,0.7,G,42.9,-14.9,,G,False
Cassius Stanley,DET,22,9,3,6,17.2,5.8,5.1,41.3,1.9,23.5,1.1,100.0,0.6,1.6,2.1,0.4,0.7,0.6,0.2,1.9,10.6,0,0,-1.7,2022,0,False,0.33,G,44.4,-8.4,,G,False
Joshua Primo,SAS,19,50,22,28,19.3,5.8,5.4,37.4,2.7,30.7,1.2,74.6,0.6,1.6,2.3,1.6,1.1,0.4,0.5,1.6,12.3,0,0,-1.6,2022,0,False,0.44,G,51.7,-5.5,,G,False
Eric Paschall,UTA,25,58,36,22,12.7,5.8,4.1,48.5,1.9,37.0,1.5,76.7,0.5,1.3,1.8,0.6,0.5,0.2,0.1,0.9,9.1,0,0,-0.5,2022,0,False,0.62,F,62.7,4.5,,F,False
Carsen Edwards,DET,24,4,1,3,19.8,5.8,7.5,30.0,4.0,25.0,0.3,100.0,0.5,1.0,1.5,3.5,1.3,0.5,0.0,1.0,13.1,0,0,-3.0,2022,0,False,0.25,G,72.7,9.3,,G,False
Matisse Thybulle,PHI,25,66,43,23,25.5,5.7,4.5,50.0,2.2,31.3,0.7,79.1,0.6,1.7,2.3,1.1,0.6,1.7,1.1,2.4,18.1,0,0,1.3,2022,0,False,0.65,G-F,54.2,-2.6,,G-F,False
Justise Winslow,POR,26,48,24,24,16.1,5.7,5.4,42.8,1.4,22.7,1.4,59.1,1.0,3.2,4.2,1.8,1.0,0.7,0.5,1.4,16.1,2,0,0.6,2022,0,False,0.5,F-G,49.7,-8.1,,F-G,False
Kelan Martin,BOS,26,30,14,16,15.0,5.7,5.7,40.9,2.5,29.3,0.4,69.2,0.6,1.3,1.8,0.7,0.5,0.4,0.3,1.2,10.7,0,0,-1.8,2022,0,False,0.47,F,65.4,7.9,,F,False
Naji Marshall,NOP,24,55,23,32,13.4,5.7,4.9,40.5,1.9,20.0,1.7,79.6,0.7,1.9,2.6,1.1,0.8,0.6,0.1,1.3,11.9,1,0,-0.9,2022,0,False,0.42,F,59.8,0.3,,F,False
Keita Bates-Diop,SAS,26,59,23,36,16.2,5.7,4.5,51.7,0.9,30.9,1.0,75.4,1.1,2.9,3.9,0.7,0.8,0.5,0.2,1.0,12.7,1,0,0.1,2022,0,False,0.39,F,55.7,-1.8,,F,False
Keifer Sykes,IND,28,32,6,26,17.7,5.6,5.9,36.3,2.8,30.0,0.5,88.2,0.3,1.2,1.4,1.9,1.0,0.4,0.1,1.6,10.7,0,0,-2.2,2022,0,False,0.19,G,56.3,1.3,,G,False
Saben Lee,DET,22,37,8,29,16.3,5.6,4.8,39.0,1.6,23.3,1.9,78.9,0.5,1.9,2.4,2.9,1.0,1.0,0.3,1.2,15.7,1,0,-2.2,2022,0,False,0.22,G,65.1,7.6,,G,False
Derrick Jones Jr.,CHI,25,51,28,23,17.6,5.6,3.8,53.8,1.2,32.8,1.4,80.0,1.2,2.1,3.3,0.6,0.6,0.5,0.6,2.1,13.3,0,0,0.8,2022,0,False,0.55,F,54.3,-5.4,,F,False
Dennis Smith Jr.,POR,24,37,15,22,17.3,5.6,5.1,41.8,0.7,22.2,1.7,65.6,0.5,1.8,2.4,3.6,1.4,1.2,0.3,1.4,17.0,0,0,-3.7,2022,0,False,0.41,G,55.8,-1.5,,G,False
Davis Bertans,DAL,29,56,32,24,14.4,5.6,4.9,36.0,4.1,33.5,0.7,90.0,0.2,1.9,2.1,0.6,0.3,0.3,0.2,1.5,10.1,0,0,0.5,2022,0,False,0.57,F,55.8,-1.9,,F,False
James Johnson,BKN,35,62,30,32,19.2,5.5,5.0,46.9,1.4,27.1,0.9,52.7,0.8,2.6,3.5,2.1,0.8,0.5,0.5,2.6,15.1,1,0,-1.0,2022,0,False,0.48,F,51.0,-7.9,,F,False
Greg Monroe,MIN,31,14,7,7,13.9,5.4,4.1,56.1,0.0,0.0,1.6,52.2,2.1,2.4,4.6,1.6,0.9,0.6,0.7,1.7,16.3,0,0,0.4,2022,0,False,0.5,F-C,62.3,2.6,,F-C,False
Wenyen Gabriel,LAL,25,26,8,18,13.8,5.4,4.2,49.1,1.1,28.6,1.6,59.5,1.5,2.2,3.7,0.5,0.6,0.2,0.4,2.6,11.9,1,0,1.7,2022,0,False,0.31,F,60.0,3.2,,F,False
P.J. Dozier,DEN,25,18,9,9,18.9,5.4,5.5,36.4,2.7,31.3,0.7,76.9,0.8,2.7,3.5,1.6,0.7,0.6,0.3,1.8,14.1,0,0,-5.0,2022,0,False,0.5,G-F,52.7,-6.9,,G-F,False
Trey Murphy III,NOP,21,62,31,31,13.9,5.4,4.5,39.4,3.0,38.2,0.8,88.2,0.8,1.6,2.4,0.6,0.3,0.4,0.1,1.0,10.3,0,0,0.0,2022,0,False,0.5,F,57.6,-0.6,,F,False
Rodney McGruder,DET,30,51,13,38,14.8,5.4,4.4,43.6,2.9,39.7,0.5,73.1,0.6,1.6,2.2,0.9,0.5,0.4,0.1,1.1,10.6,0,0,-1.1,2022,0,False,0.25,G,53.7,-4.5,,G,False
D.J. Augustin,LAL,34,55,15,40,16.1,5.3,4.0,42.3,3.0,41.5,0.8,88.4,0.2,1.0,1.2,1.9,1.0,0.3,0.0,0.7,9.7,0,0,-3.2,2022,0,False,0.27,G,74.5,17.6,,G,False
Omer Yurtseven,MIA,23,56,39,17,12.6,5.3,4.4,52.6,0.2,9.1,1.1,62.3,1.5,3.7,5.3,0.9,0.7,0.3,0.4,1.5,14.2,8,0,1.1,2022,0,False,0.7,C,55.0,-4.6,,C,False
Armoni Brooks,TOR,23,54,20,34,15.6,5.3,5.4,33.9,4.6,29.7,0.4,85.7,0.4,1.5,1.9,1.1,0.5,0.5,0.2,1.4,11.0,0,0,-1.5,2022,0,False,0.37,G,58.1,0.0,,G,False
Derrick Favors,OKC,30,39,15,24,16.7,5.3,4.7,51.6,0.4,12.5,0.6,64.0,1.5,3.2,4.7,0.6,0.2,0.4,0.3,1.6,13.9,1,0,-3.7,2022,0,False,0.38,F,56.7,-3.4,,F,False
Dean Wade,CLE,25,51,27,24,19.2,5.3,4.3,45.6,2.8,35.9,0.6,66.7,0.6,2.3,2.9,1.0,0.3,0.6,0.1,1.7,12.1,1,0,0.7,2022,0,False,0.53,F-C,49.5,-8.8,,F-C,False
Garrett Temple,NOP,35,59,23,36,18.6,5.2,5.0,37.6,3.1,31.9,0.7,68.3,0.5,1.9,2.4,1.3,0.7,0.7,0.4,1.4,12.7,0,0,-5.5,2022,0,False,0.39,G-F,56.9,-1.5,,G-F,False
Cody Zeller,POR,29,27,13,14,13.1,5.2,3.3,56.7,0.1,0.0,1.8,77.6,1.9,2.8,4.6,0.8,0.7,0.3,0.2,2.1,12.8,0,0,-1.0,2022,0,False,0.48,F-C,62.1,1.6,,F-C,False
Facundo Campazzo,DEN,31,65,38,27,18.2,5.1,4.6,36.1,3.0,30.1,1.2,76.9,0.4,1.4,1.8,3.4,1.0,1.0,0.4,1.9,15.3,2,0,-3.3,2022,0,False,0.58,G,55.2,-0.6,,G,False
Trey Burke,DAL,29,42,24,18,10.5,5.1,5.1,39.1,2.0,31.7,0.5,87.0,0.1,0.7,0.8,1.4,0.6,0.3,0.0,0.9,8.3,0,0,-0.2,2022,0,False,0.57,G,58.5,1.7,,G,False
Wesley Matthews,MIL,35,49,33,16,20.5,5.1,4.5,39.5,3.2,33.8,0.6,78.6,0.6,1.3,1.9,0.7,0.4,0.5,0.2,1.8,10.0,0,0,2.8,2022,0,False,0.67,G,59.2,0.2,,G,False
DeAndre' Bembry,MIL,27,56,31,25,18.3,5.1,3.9,56.1,0.6,41.7,0.6,60.0,0.8,2.2,2.9,1.2,0.6,0.9,0.4,2.0,13.7,0,0,-0.5,2022,0,False,0.55,G-F,53.3,-4.5,,G-F,False
David Nwaba,HOU,29,46,6,40,13.2,5.1,3.8,48.3,1.1,30.6,1.5,71.6,0.9,2.4,3.3,0.8,0.5,0.6,0.4,1.2,12.8,0,0,-2.5,2022,0,False,0.13,G-F,57.9,-1.1,,G-F,False
Ignas Brazdeikis,ORL,23,42,9,33,12.8,5.0,4.5,43.1,2.1,31.0,0.8,65.6,0.5,1.2,1.7,0.9,0.4,0.2,0.1,1.1,8.9,0,0,-4.1,2022,0,False,0.21,F,47.7,-10.0,,F,False
Jock Landale,SAS,26,54,24,30,10.9,4.9,3.8,49.5,1.6,32.6,0.8,82.9,1.2,1.4,2.6,0.8,0.6,0.2,0.3,1.0,10.0,1,0,-0.3,2022,0,False,0.44,C,49.4,-9.3,,C,False
John Konchar,MEM,26,72,48,24,17.9,4.8,3.6,51.5,1.8,41.3,0.7,55.1,1.2,3.4,4.6,1.5,0.4,0.6,0.3,1.3,15.0,3,1,1.3,2022,0,False,0.67,G,56.5,-2.1,,G,False
Rajon Rondo,CLE,36,39,16,23,17.9,4.8,4.5,38.6,2.3,35.2,0.7,73.1,0.4,2.4,2.8,4.4,1.7,0.8,0.2,1.4,15.7,1,0,-2.8,2022,1,False,0.41,G,61.3,3.5,,G,False
Josh Green,DAL,21,67,44,23,15.5,4.8,3.8,50.8,1.2,35.9,0.7,68.9,0.8,1.6,2.4,1.2,0.7,0.7,0.2,1.7,11.4,1,0,1.0,2022,0,False,0.66,G,59.3,2.8,,G,False
Xavier Tillman,MEM,23,53,35,18,13.2,4.8,4.1,45.4,0.9,20.4,1.3,64.8,1.2,1.8,3.0,1.2,0.6,0.9,0.3,1.2,13.1,0,0,-0.5,2022,0,False,0.66,F,52.9,-6.4,,F,False
Brandon Goodwin,CLE,26,36,19,17,13.9,4.8,4.3,41.6,1.5,34.5,1.1,63.2,0.4,1.5,1.9,2.5,1.0,0.7,0.0,1.1,11.9,1,0,-1.5,2022,0,False,0.53,G,53.2,-3.0,,G,False
David Duke Jr.,BKN,22,22,10,12,15.5,4.7,4.9,36.1,1.7,24.3,1.0,81.0,1.4,1.7,3.0,0.8,0.4,0.6,0.3,1.6,12.0,2,0,-0.5,2022,0,False,0.45,G,57.4,-0.3,,G,False
Udoka Azubuike,UTA,22,17,11,6,11.5,4.7,2.9,75.5,0.0,0.0,0.6,54.5,1.1,3.1,4.2,0.0,0.7,0.1,0.6,1.5,11.1,1,0,0.2,2022,0,False,0.65,C-F,47.9,-12.6,,C-F,False
Greg Brown III,POR,20,48,14,34,13.3,4.7,4.0,42.6,1.3,31.1,1.4,67.7,0.8,2.0,2.8,0.7,0.8,0.5,0.5,1.9,11.5,0,0,-5.0,2022,0,False,0.29,F,67.7,9.1,,F,False
Cameron McGriff,POR,24,3,0,3,15.3,4.7,4.7,35.7,2.0,33.3,0.7,100.0,2.0,3.0,5.0,1.0,0.0,0.0,0.3,2.3,13.2,0,0,2.7,2022,0,False,0.0,F,50.0,-10.7,,F,False
Maurice Harkless,SAC,28,47,15,32,18.4,4.6,3.9,45.9,2.1,30.7,0.6,71.4,0.3,2.1,2.4,0.5,0.7,0.6,0.5,1.6,10.9,1,0,-1.9,2022,0,False,0.32,F-G,63.5,4.8,,F-G,False
James Bouknight,CHA,21,31,15,16,9.8,4.6,4.5,34.8,1.6,34.7,1.0,87.1,0.7,1.0,1.7,0.8,0.5,0.2,0.0,0.9,8.1,0,0,-1.6,2022,0,False,0.48,G,70.9,16.1,,G,False
Svi Mykhailiuk,TOR,24,56,29,27,12.8,4.6,4.2,38.9,2.4,30.6,0.7,86.5,0.4,1.3,1.6,0.8,0.6,0.5,0.1,1.0,8.8,0,0,-1.4,2022,0,False,0.52,G-F,53.6,-4.9,,G-F,False
Romeo Langford,SAS,22,48,24,24,16.1,4.5,4.0,43.5,1.8,34.1,0.9,54.8,0.6,1.6,2.3,0.4,0.3,0.5,0.3,1.0,9.9,0,0,0.1,2022,0,False,0.5,G-F,43.8,-12.6,,G-F,False
Marquese Chriss,DAL,24,34,24,10,10.2,4.5,3.9,46.3,0.7,32.0,1.0,66.7,1.0,2.1,3.0,0.5,0.5,0.4,0.4,1.9,10.6,0,0,-0.3,2022,0,False,0.71,F,62.6,5.0,,F,False
Louis King,SAC,23,10,2,8,10.4,4.5,4.7,31.9,2.7,29.6,1.0,70.0,0.0,1.2,1.2,0.9,0.0,0.2,0.1,1.4,8.2,0,0,-2.9,2022,0,False,0.2,F,48.1,-9.4,,F,False
Khem Birch,TOR,29,55,34,21,18.0,4.5,3.6,48.5,0.3,0.0,1.3,74.6,2.2,2.1,4.3,1.0,0.5,0.5,0.5,1.9,13.8,0,0,0.4,2022,0,False,0.62,C,60.9,1.9,,C,False
Delon Wright,ATL,30,77,42,35,18.9,4.4,3.5,45.4,1.5,37.9,0.8,85.7,0.6,2.2,2.9,2.4,0.6,1.2,0.2,0.7,15.3,0,0,0.8,2022,0,False,0.55,G,60.1,3.5,,G,False
Jabari Parker,BOS,27,12,4,8,9.4,4.4,3.2,47.4,1.3,50.0,0.8,100.0,0.4,1.9,2.3,0.5,0.7,0.3,0.1,1.1,8.6,0,0,-0.6,2022,0,False,0.33,F,59.3,-2.1,,F,False
Taj Gibson,NYK,36,52,24,28,18.2,4.4,3.2,51.8,0.7,39.5,1.0,80.8,1.7,2.7,4.4,0.6,0.5,0.4,0.8,2.6,13.7,0,0,0.8,2022,0,False,0.46,F,56.8,-1.9,,F,False
Moses Moody,GSW,19,52,35,17,11.7,4.4,3.5,43.7,2.1,36.4,0.7,77.8,0.3,1.2,1.5,0.4,0.3,0.1,0.2,0.8,7.6,0,0,-0.8,2022,0,False,0.67,G,51.2,-6.8,,G,False
Timothe Luwawu-Cabarrot,ATL,26,52,30,22,13.2,4.4,3.6,39.8,2.3,36.1,0.8,85.4,0.3,1.3,1.6,0.8,0.4,0.3,0.1,1.5,8.4,0,0,-1.0,2022,0,False,0.58,G-F,54.8,-2.8,,G-F,False
Davon Reed,DEN,26,48,29,19,13.9,4.4,3.4,50.3,1.8,43.0,0.3,66.7,0.3,2.0,2.3,1.1,0.3,0.5,0.2,1.3,10.4,0,0,-0.5,2022,0,False,0.6,G,62.4,4.5,,G,False
Mamadi Diakite,OKC,25,13,4,9,14.4,4.3,3.6,53.2,0.4,0.0,0.8,54.5,1.3,3.2,4.5,0.2,0.5,0.4,0.7,2.5,12.7,0,0,-1.1,2022,0,False,0.31,F,62.1,1.4,,F,False
Trevelin Queen,HOU,25,10,1,9,7.4,4.3,3.3,45.5,2.4,37.5,0.4,100.0,0.7,0.9,1.6,0.4,0.7,0.5,0.1,0.6,7.9,0,0,0.8,2022,0,False,0.1,G,70.0,17.0,,G,False
Malachi Flynn,TOR,23,44,25,19,12.2,4.3,4.2,39.3,2.0,33.3,0.5,62.5,0.2,1.2,1.4,1.6,0.3,0.5,0.1,1.0,9.7,0,0,-0.6,2022,0,False,0.57,G,54.2,-3.3,,G,False
DeAndre Jordan,PHI,33,48,26,22,13.0,4.3,3.0,64.3,0.0,0.0,0.8,55.0,1.7,3.8,5.5,0.4,0.8,0.3,0.7,1.5,13.7,0,0,-3.1,2022,3,False,0.54,C,58.0,-0.3,,C,False
Yuta Watanabe,TOR,27,38,21,17,11.7,4.3,3.6,40.6,2.1,34.2,1.1,60.0,0.5,1.9,2.4,0.6,0.5,0.3,0.4,1.0,9.7,2,0,-1.4,2022,0,False,0.55,G-F,48.4,-9.0,,G-F,False
Troy Brown Jr.,CHI,22,66,37,29,16.0,4.3,3.9,41.9,2.0,35.3,0.4,76.9,0.6,2.5,3.1,1.0,0.4,0.5,0.1,0.9,10.9,1,0,-0.7,2022,0,False,0.56,G-F,58.3,2.1,,G-F,False
Moses Brown,CLE,22,40,19,21,8.6,4.3,2.7,59.3,0.0,0.0,1.8,59.7,1.0,2.4,3.4,0.0,0.5,0.2,0.4,1.3,9.6,3,0,-1.2,2022,0,False,0.48,C,53.9,-6.5,,C,False
Boban Marjanovic,DAL,33,23,15,8,5.6,4.3,3.0,60.0,0.2,25.0,1.0,59.1,0.3,1.3,1.7,0.1,0.7,0.0,0.1,1.0,6.2,0,0,1.5,2022,0,False,0.65,C,55.6,-1.8,,C,False
Lindell Wigginton,MIL,24,19,11,8,10.5,4.2,3.2,42.6,1.4,34.6,1.8,54.3,0.2,1.2,1.3,1.2,0.6,0.3,0.1,0.9,7.9,0,0,-2.5,2022,0,False,0.58,G,69.0,12.1,,G,False
Rayjon Tucker,MIL,24,5,2,3,14.2,4.2,1.8,66.7,1.0,80.0,1.4,71.4,0.6,1.0,1.6,2.0,0.2,0.8,0.0,1.0,11.3,0,0,-0.4,2022,0,False,0.4,G,100.0,42.9,,G,False
Jevon Carter,MIL,26,66,39,27,13.7,4.2,3.8,38.7,2.6,38.8,0.3,83.3,0.2,1.5,1.7,1.5,0.5,0.4,0.2,1.0,9.6,0,0,-0.8,2022,0,False,0.59,G,60.3,3.8,,G,False
Sam Merrill,MEM,25,6,2,4,9.6,4.2,4.0,33.3,3.8,30.4,0.7,50.0,0.2,1.0,1.2,0.7,0.3,0.0,0.0,0.5,6.2,0,0,-1.5,2022,0,False,0.33,G,66.7,8.5,,G,False
James Ennis III,DEN,31,7,3,4,7.9,4.1,3.4,45.8,1.1,37.5,0.7,80.0,0.7,1.0,1.7,0.4,0.3,0.3,0.3,0.7,8.3,0,0,0.0,2022,0,False,0.43,F,44.4,-13.6,,F,False
Frank Ntilikina,DAL,23,58,34,24,11.8,4.1,3.8,39.9,1.9,34.2,0.4,96.0,0.2,1.2,1.4,1.2,0.5,0.5,0.1,1.1,8.8,0,0,1.1,2022,0,False,0.59,G,50.8,-7.4,,G,False
Vlatko Cancar,DEN,25,15,7,8,11.8,4.1,2.7,56.1,0.8,58.3,0.9,64.3,0.5,1.5,2.1,1.1,0.6,0.1,0.2,1.2,8.7,0,0,0.3,2022,0,False,0.47,F,57.1,-0.9,,F,False
Santi Aldama,MEM,21,32,20,12,11.2,4.1,4.1,40.2,1.5,12.5,1.0,62.5,1.0,1.7,2.7,0.7,0.5,0.2,0.3,1.1,9.4,2,0,0.5,2022,0,False,0.62,F-C,56.5,-2.1,,F-C,False
Anthony Gill,WAS,29,44,15,29,10.5,4.1,2.5,56.9,0.6,53.8,1.2,80.8,0.8,1.2,1.9,0.6,0.4,0.1,0.3,1.3,8.0,0,0,1.4,2022,0,False,0.34,F,47.8,-10.0,,F,False
Juan Toscano-Anderson,GSW,29,73,51,22,13.6,4.1,3.2,48.9,1.2,32.2,1.0,57.1,0.4,2.0,2.4,1.7,0.9,0.7,0.2,1.6,11.3,0,0,0.6,2022,0,False,0.7,F,56.3,-2.1,,F,False
Markus Howard,DEN,23,31,17,14,5.7,4.1,3.3,38.6,2.3,40.0,0.7,87.0,0.1,0.3,0.4,0.2,0.2,0.3,0.0,0.5,5.5,0,0,-0.4,2022,0,False,0.55,G,77.8,22.9,,G,False
Mychal Mulder,MIA,27,17,3,14,14.1,4.1,4.5,31.2,3.2,31.5,0.2,100.0,0.1,1.3,1.4,0.3,0.5,0.2,0.1,0.8,6.8,0,0,-3.2,2022,0,False,0.18,G,51.9,-4.6,,G,False
Matt Thomas,CHI,27,40,23,17,11.5,4.0,3.4,41.0,2.3,38.5,0.5,80.0,0.1,1.2,1.3,0.5,0.2,0.2,0.1,0.5,6.9,0,0,0.8,2022,0,False,0.57,G,50.6,-6.8,,G,False
Andre Iguodala,GSW,38,31,20,11,19.4,4.0,3.9,38.0,2.4,23.0,0.6,75.0,0.7,2.5,3.2,3.7,0.9,0.9,0.7,1.1,17.2,0,0,3.7,2022,0,False,0.65,G-F,53.3,-4.7,,G-F,False
Gabe York,IND,28,2,0,2,10.7,4.0,3.5,28.6,3.0,16.7,2.5,60.0,0.0,1.0,1.0,2.0,0.5,1.0,0.5,2.0,12.2,0,0,-2.0,2022,0,False,0.0,G,50.0,-6.3,,G,False
Mac McClung,LAL,23,2,2,0,12.2,4.0,3.0,50.0,1.5,33.3,0.5,100.0,0.0,1.5,1.5,0.5,1.5,0.5,0.5,2.5,8.1,0,0,3.5,2022,0,False,1.0,G,85.7,28.8,,G,False
Micah Potter,DET,24,3,2,1,10.3,4.0,3.7,45.5,0.7,0.0,0.7,100.0,1.3,1.7,3.0,0.0,0.3,0.3,0.3,1.3,9.3,0,0,-13.3,2022,0,False,0.67,C,55.6,-5.7,,C,False
Scotty Hopson,OKC,32,1,0,1,17.7,4.0,4.0,50.0,1.0,0.0,0.0,0.0,0.0,1.0,1.0,1.0,2.0,0.0,0.0,1.0,4.7,0,0,-6.0,2022,0,False,0.0,G-F,0.0,-46.0,,G-F,False
Trevor Ariza,LAL,36,24,8,16,19.3,4.0,4.1,33.3,3.1,27.0,0.8,55.6,0.4,3.0,3.4,1.1,0.5,0.5,0.3,0.8,11.7,0,0,-2.3,2022,0,False,0.33,F,64.3,4.4,,F,False
Kyle Guy,MIA,24,19,15,4,9.8,3.9,3.4,40.0,2.1,35.0,0.6,66.7,0.2,0.7,0.9,0.9,0.7,0.4,0.1,0.6,6.9,0,0,-2.5,2022,0,False,0.79,G,66.7,5.3,,G,False
Didi Louzada,POR,22,9,0,9,14.4,3.9,3.7,36.4,2.6,39.1,0.2,100.0,0.6,1.3,1.9,0.6,0.6,0.2,0.2,1.4,7.8,0,0,-9.0,2022,0,False,0.0,G,61.1,0.3,,G,False
Jamorko Pickett,DET,24,13,4,9,13.6,3.8,3.8,36.0,3.0,33.3,0.2,50.0,0.5,2.0,2.5,0.5,0.4,0.0,0.5,0.9,8.8,0,0,0.0,2022,0,False,0.31,F,61.9,2.7,,F,False
Admiral Schofield,ORL,25,38,10,28,12.3,3.8,3.4,41.9,2.1,32.9,0.4,80.0,0.4,1.9,2.3,0.7,0.6,0.1,0.1,1.5,7.8,0,0,-3.4,2022,0,False,0.26,F,50.6,-8.6,,F,False
Jared Butler,UTA,21,42,31,11,8.6,3.8,3.6,40.4,2.1,31.8,0.4,68.8,0.1,1.0,1.1,1.5,0.8,0.4,0.2,1.1,8.4,0,0,-0.3,2022,0,False,0.74,G,52.9,-4.7,,G,False
Malcolm Hill,CHI,26,19,8,11,11.2,3.8,2.7,46.2,1.9,36.1,0.7,78.6,0.6,1.3,1.8,0.4,0.2,0.4,0.2,1.3,8.1,0,0,-1.6,2022,0,False,0.42,F,66.7,9.3,,F,False
Aaron Nesmith,BOS,22,52,32,20,11.0,3.8,3.5,39.6,2.2,27.0,0.5,80.8,0.3,1.4,1.7,0.4,0.6,0.4,0.1,1.3,7.3,0,0,0.4,2022,0,False,0.62,G-F,59.4,4.2,,G-F,False
Jordan McLaughlin,MIN,26,62,36,26,14.5,3.8,3.2,44.0,1.4,31.8,0.6,75.0,0.4,1.2,1.5,2.9,0.6,0.9,0.2,0.9,12.6,1,0,0.6,2022,0,False,0.58,G,55.0,-1.6,,G,False
Sandro Mamukelashvili,MIL,22,41,22,19,9.9,3.8,2.8,49.6,1.3,42.3,0.5,81.8,0.9,1.1,2.0,0.5,0.4,0.2,0.2,0.7,7.9,1,0,-3.5,2022,0,False,0.54,F-C,70.7,10.9,,F-C,False
Nathan Knight,MIN,24,37,22,15,7.2,3.7,2.4,51.1,0.4,30.8,1.6,73.3,0.9,1.4,2.3,0.6,0.5,0.2,0.2,1.1,8.1,1,0,0.6,2022,0,False,0.59,F-C,52.3,-6.9,,F-C,False
Cheick Diallo,DET,25,3,0,3,10.2,3.7,2.7,37.5,0.0,0.0,2.0,83.3,1.3,2.7,4.0,0.0,0.3,0.3,0.0,2.0,9.1,0,0,-11.0,2022,0,False,0.0,F-C,75.0,18.8,,F-C,False
KZ Okpala,MIA,23,21,14,7,11.6,3.7,3.3,43.5,1.2,34.6,0.5,72.7,0.5,1.4,2.0,0.7,0.2,0.2,0.3,1.2,8.3,0,0,0.3,2022,0,False,0.67,F-G,56.8,0.0,,F-G,False
Enes Freedom,BOS,29,35,20,15,11.8,3.7,2.8,52.6,0.1,40.0,0.8,85.7,1.7,2.8,4.6,0.2,0.6,0.1,0.4,1.2,10.5,2,0,2.0,2022,0,False,0.57,C,47.6,-10.5,,C,False
Brad Wanamaker,WAS,32,23,10,13,13.9,3.6,3.3,36.4,0.7,23.5,1.1,92.0,0.3,1.4,1.7,2.4,1.0,0.3,0.3,2.0,9.9,0,0,-1.9,2022,0,False,0.43,G,61.4,3.9,,G,False
Isaiah Joe,PHI,22,55,35,20,11.1,3.6,3.2,35.0,2.5,33.3,0.6,93.5,0.1,0.9,1.0,0.6,0.3,0.3,0.1,0.9,6.4,0,0,0.4,2022,0,False,0.64,G,57.9,1.9,,G,False
Tomas Satoransky,WAS,30,55,21,34,16.5,3.6,3.5,37.7,1.0,20.8,1.0,79.6,0.5,1.8,2.3,3.3,0.8,0.5,0.1,1.3,12.4,1,0,-3.0,2022,0,False,0.38,G,62.7,5.0,,G,False
Thanasis Antetokounmpo,MIL,29,48,26,22,9.9,3.6,2.7,54.7,0.3,14.3,1.0,63.0,0.8,1.3,2.1,0.5,0.5,0.3,0.3,1.4,8.0,0,0,-2.4,2022,0,False,0.54,F,55.0,-3.1,,F,False
Tony Snell,NOP,30,53,19,34,15.5,3.5,3.2,40.4,2.4,35.2,0.1,100.0,0.3,1.6,1.9,0.5,0.4,0.3,0.2,1.3,7.7,0,0,-2.2,2022,0,False,0.36,G,63.5,4.7,,G,False
Jarrett Culver,MEM,23,37,28,9,9.1,3.5,3.6,37.8,1.3,25.5,0.9,47.1,0.4,0.9,1.3,0.9,0.5,0.5,0.1,1.1,7.9,0,0,-0.5,2022,0,False,0.76,G-F,63.2,5.1,,G-F,False
Elijah Hughes,POR,24,36,15,21,12.1,3.5,4.0,32.6,2.6,26.3,0.3,77.8,0.2,1.4,1.6,0.6,0.5,0.4,0.2,1.1,7.7,0,0,-6.4,2022,0,False,0.42,G,72.6,14.8,,G,False
Gorgui Dieng,ATL,32,44,23,21,8.4,3.5,2.5,47.3,1.5,42.6,0.6,73.1,0.7,2.0,2.8,0.8,0.5,0.3,0.3,1.2,9.1,0,0,-1.4,2022,0,False,0.52,C,58.9,-0.4,,C,False
Paul Millsap,PHI,37,33,22,11,11.4,3.5,3.5,39.1,1.1,22.9,0.7,70.8,1.2,2.2,3.5,0.9,0.6,0.3,0.4,2.0,10.5,0,0,-0.7,2022,0,False,0.67,F,54.8,-4.7,,F,False
Alfonzo McKinnie,CHI,29,17,8,9,12.1,3.5,3.6,39.3,1.6,33.3,0.5,25.0,0.8,1.2,1.9,0.3,0.4,0.1,0.2,1.5,6.7,0,0,-3.2,2022,0,False,0.47,F,60.0,2.5,,F,False
Paul Watson,OKC,27,9,2,7,17.4,3.4,3.9,34.3,2.9,23.1,0.2,50.0,0.3,2.7,3.0,0.9,0.4,0.3,0.3,1.1,9.9,0,0,-6.2,2022,0,False,0.22,G,80.0,20.5,,G,False
Nerlens Noel,NYK,28,25,10,15,22.5,3.4,2.4,53.3,0.1,0.0,1.2,70.0,1.9,3.7,5.6,0.9,0.8,1.2,1.2,2.7,18.1,0,0,-2.7,2022,0,False,0.4,C-F,52.0,-9.8,,C-F,False
Kent Bazemore,LAL,32,39,16,23,14.0,3.4,3.6,32.4,2.1,36.3,0.4,76.5,0.3,1.4,1.8,0.9,0.5,0.6,0.2,1.8,8.9,0,0,-3.0,2022,0,False,0.41,G-F,50.0,-8.1,,G-F,False
Tyler Cook,CHI,24,20,13,7,10.0,3.4,1.9,60.5,0.0,0.0,1.6,65.6,0.8,1.9,2.7,0.2,0.4,0.2,0.2,1.4,7.6,0,0,-1.4,2022,0,False,0.65,F,57.7,-1.2,,F,False
Tremont Waters,WAS,24,3,0,3,16.8,3.3,4.7,28.6,3.0,22.2,0.0,0.0,0.0,1.3,1.3,2.3,1.3,1.7,0.0,1.3,12.1,0,0,-6.3,2022,0,False,0.0,G,66.7,11.7,,G,False
Killian Tillie,MEM,24,36,27,9,12.8,3.3,3.5,33.9,2.4,31.4,0.2,62.5,0.6,1.1,1.7,0.6,0.4,0.6,0.4,1.6,9.0,0,0,0.8,2022,0,False,0.75,F-C,54.7,-3.2,,F-C,False
Juancho Hernangomez,UTA,26,40,20,20,11.1,3.3,2.7,41.5,1.7,34.8,0.9,55.9,0.7,1.8,2.5,0.5,0.4,0.4,0.3,0.6,8.4,0,0,-0.1,2022,0,False,0.5,F,57.3,1.3,,F,False
Semi Ojeleye,LAC,27,30,14,16,13.5,3.3,3.3,30.3,1.7,30.0,1.0,79.3,0.9,1.6,2.5,0.3,0.3,0.2,0.2,1.0,7.7,0,0,-4.8,2022,0,False,0.47,F,72.0,13.2,,F,False
Sterling Brown,DAL,27,49,31,18,12.8,3.3,3.2,38.1,1.9,30.4,0.3,93.3,0.5,2.5,3.0,0.7,0.5,0.3,0.1,1.1,8.8,2,0,0.7,2022,0,False,0.63,G-F,59.7,1.0,,G-F,False
Gabriel Lundberg,PHX,27,4,1,3,11.1,3.3,4.8,26.3,2.0,37.5,0.0,0.0,0.5,1.3,1.8,2.8,0.8,0.8,0.0,1.8,11.0,0,0,4.8,2022,0,False,0.25,G,83.3,20.5,,G,False
Tim Frazier,CLE,31,12,1,11,17.3,3.3,3.8,31.1,1.4,35.3,0.8,55.6,0.4,1.2,1.6,2.8,1.3,0.3,0.1,2.3,9.2,0,0,-6.7,2022,0,False,0.08,G,55.9,-0.4,,G,False
Trent Forrest,UTA,23,60,36,24,12.8,3.3,2.6,49.0,0.5,18.5,0.8,79.2,0.4,1.3,1.7,1.8,0.8,0.5,0.1,0.7,8.9,0,0,1.3,2022,0,False,0.6,G,57.4,-1.2,,G,False
Daishen Nix,HOU,20,24,3,21,10.9,3.2,2.8,40.3,1.1,26.9,1.3,53.3,0.3,1.1,1.4,1.7,1.1,0.6,0.0,0.9,8.2,0,0,-1.9,2022,0,False,0.12,G,72.1,14.6,,G,False
Dalano Banton,TOR,22,64,37,27,10.9,3.2,3.2,41.1,0.8,25.5,0.7,59.1,0.6,1.3,1.9,1.5,0.8,0.4,0.2,1.1,8.8,0,0,0.5,2022,0,False,0.58,F,56.8,1.0,,F,False
Jahmi'us Ramsey,SAC,20,19,2,17,7.0,3.2,3.1,41.4,0.9,27.8,0.7,50.0,0.2,0.5,0.7,0.4,0.3,0.1,0.1,0.5,4.6,0,0,-1.1,2022,0,False,0.11,G,72.7,15.4,,G,False
Rodney Hood,LAC,29,52,30,22,13.6,3.1,3.0,36.9,1.8,33.0,0.4,89.5,0.3,1.2,1.5,0.7,0.2,0.3,0.1,0.6,7.0,0,0,0.2,2022,0,False,0.58,G-F,57.5,0.4,,G-F,False
Justin Robinson,DET,24,25,13,12,12.1,3.1,3.7,30.1,2.4,29.5,0.3,50.0,0.2,0.7,0.8,1.3,0.7,0.4,0.0,1.1,6.6,0,0,-4.9,2022,0,False,0.52,G,57.9,2.4,,G,False
Kevin Knox II,ATL,22,30,18,12,7.4,3.1,2.8,36.5,1.8,27.8,0.7,72.7,0.5,1.0,1.5,0.3,0.2,0.1,0.1,0.6,5.7,0,0,-2.3,2022,0,False,0.6,F,73.1,20.0,,F,False
Devontae Cacok,SAS,25,15,5,10,8.1,3.1,2.1,67.7,0.0,0.0,0.5,57.1,0.5,2.3,2.8,0.4,0.2,0.5,0.5,1.1,9.8,0,0,-0.1,2022,0,False,0.33,F,51.9,-3.8,,F,False
Keljin Blevins,POR,26,31,4,27,11.3,3.1,3.6,30.6,2.3,29.2,0.4,54.5,0.5,0.9,1.5,0.6,0.5,0.4,0.0,0.9,6.5,0,0,-6.7,2022,0,False,0.13,G,72.2,13.8,,G,False
Paul Reed,PHI,22,38,21,17,8.0,3.1,2.5,56.3,0.2,25.0,0.4,42.9,1.2,1.3,2.4,0.4,0.3,0.9,0.4,1.5,10.0,0,0,-1.1,2022,0,False,0.55,F,66.2,5.8,,F,False
Charles Bassey,PHI,21,23,11,12,7.3,3.0,2.0,63.8,0.2,0.0,0.5,75.0,1.0,1.7,2.7,0.3,0.3,0.2,0.7,1.4,9.2,1,0,-1.5,2022,0,False,0.48,C-F,47.4,-11.4,,C-F,False
Daniel Oturu,TOR,22,3,1,2,9.1,3.0,2.0,50.0,0.3,0.0,1.7,60.0,0.3,1.3,1.7,0.0,0.0,0.0,0.7,0.3,7.0,0,0,-8.0,2022,0,False,0.33,C,28.6,-36.7,,C,False
Elfrid Payton,PHX,28,50,39,11,11.0,3.0,3.5,38.3,0.4,22.2,0.6,37.5,0.4,1.3,1.8,2.0,0.9,0.5,0.1,0.8,9.0,0,0,-0.9,2022,0,False,0.78,G,52.0,-4.6,,G,False
Javonte Smart,MIA,22,17,11,6,11.8,3.0,3.5,31.7,1.6,29.6,0.4,83.3,0.3,1.1,1.4,0.9,0.6,0.4,0.2,0.7,7.0,0,0,-2.5,2022,0,False,0.65,G,51.4,-4.2,,G,False
Matt Ryan,BOS,25,1,1,0,5.3,3.0,5.0,20.0,5.0,20.0,0.0,0.0,0.0,0.0,0.0,0.0,0.0,1.0,0.0,0.0,6.0,0,0,3.0,2022,0,False,1.0,,,,,,False
Neemias Queta,SAC,22,15,4,11,8.0,3.0,2.5,44.7,0.0,0.0,1.1,64.7,0.9,1.1,2.1,0.4,0.4,0.1,0.5,1.2,7.5,0,0,-0.5,2022,0,False,0.27,C,50.0,-8.5,,C,False
Nick Richards,CHA,24,50,25,25,7.3,3.0,1.8,66.7,0.0,0.0,0.9,69.8,0.7,1.0,1.7,0.3,0.5,0.2,0.4,1.0,6.8,0,0,-2.2,2022,0,False,0.5,C,53.5,-7.1,,C,False
Paris Bass,PHX,26,2,2,0,3.7,3.0,3.0,33.3,1.0,0.0,1.0,100.0,1.0,1.0,2.0,0.0,1.0,0.5,0.0,1.0,5.9,0,0,1.0,2022,0,False,1.0,,,,,,False
Trevon Scott,CLE,25,2,1,1,5.7,3.0,3.0,50.0,0.5,0.0,0.0,0.0,0.5,0.5,1.0,0.0,0.0,0.5,0.5,1.0,7.2,0,0,2.0,2022,0,False,0.5,F,66.7,10.5,,F,False
Tony Bradley,CHI,24,55,28,27,10.0,3.0,2.2,58.5,0.0,0.0,0.5,65.5,1.2,2.2,3.4,0.5,0.6,0.2,0.6,1.1,9.5,0,0,1.3,2022,0,False,0.51,C-F,43.1,-16.5,,C-F,False
Bruno Fernando,HOU,23,30,15,15,5.1,2.9,1.8,65.5,0.1,50.0,0.8,62.5,0.6,1.2,1.8,0.2,0.5,0.0,0.4,0.8,6.2,2,0,-1.1,2022,0,False,0.5,F-C,46.4,-12.0,,F-C,False
Denzel Valentine,UTA,28,24,14,10,9.2,2.9,2.8,37.9,2.0,40.4,0.0,0.0,0.4,1.4,1.8,0.5,0.5,0.3,0.0,0.8,6.2,0,0,-1.1,2022,0,False,0.58,G,52.9,-5.8,,G,False
Skylar Mays,ATL,24,28,17,11,7.9,2.9,2.3,50.0,0.9,32.0,0.3,88.9,0.2,0.7,0.9,0.6,0.4,0.3,0.0,0.3,5.2,1,0,-1.9,2022,0,False,0.61,G,60.0,3.5,,G,False
Vernon Carey Jr.,WAS,21,7,3,4,6.3,2.9,1.9,53.8,0.0,0.0,1.9,46.2,1.1,0.6,1.7,0.0,0.4,0.3,0.1,0.6,5.8,0,0,-6.3,2022,0,False,0.43,F-C,50.0,-10.6,,F-C,False
Tyler Johnson,SAS,29,6,2,4,15.2,2.8,3.3,30.0,2.2,38.5,0.0,0.0,0.5,1.5,2.0,1.2,0.3,0.5,0.5,1.2,9.7,0,0,-1.0,2022,0,False,0.33,G,75.0,17.6,,G,False
Tyrone Wallace,NOP,27,6,4,2,12.5,2.8,3.3,35.0,1.3,25.0,0.8,20.0,0.0,1.3,1.3,0.2,0.3,0.5,0.2,1.2,6.4,0,0,-3.0,2022,0,False,0.67,G,60.0,4.7,,G,False
Aleem Ford,ORL,24,5,2,3,14.7,2.8,4.0,30.0,3.0,13.3,0.0,0.0,0.4,2.6,3.0,0.4,0.8,0.2,0.0,1.4,6.8,0,0,-7.0,2022,0,False,0.4,F,66.7,13.5,,F,False
Quinndary Weatherspoon,GSW,25,11,8,3,6.7,2.7,1.9,57.1,0.5,20.0,0.5,100.0,0.2,1.1,1.3,0.5,0.3,0.1,0.1,1.4,5.2,0,0,-0.9,2022,0,False,0.73,G,69.2,10.4,,G,False
Jay Scrubb,LAC,21,18,8,10,6.7,2.7,2.6,39.1,1.2,28.6,0.6,70.0,0.1,0.8,0.9,0.4,0.4,0.2,0.2,0.5,5.2,0,0,0.9,2022,0,False,0.44,G,50.0,-6.6,,G,False
Josh Okogie,MIN,23,49,23,26,10.5,2.7,2.1,40.4,1.0,29.8,1.0,68.6,0.6,0.8,1.4,0.5,0.5,0.5,0.2,1.1,7.1,0,0,0.8,2022,0,False,0.47,G,47.3,-9.8,,G,False
Gary Clark,NOP,27,38,20,18,10.0,2.7,2.3,37.5,1.8,40.0,0.3,70.0,0.6,1.8,2.4,0.5,0.3,0.3,0.2,0.5,7.5,0,0,-0.5,2022,0,False,0.53,F,66.1,6.8,,F,False
Devon Dotson,CHI,22,11,5,6,7.7,2.6,2.1,47.8,0.8,22.2,0.8,55.6,0.1,0.7,0.8,1.4,0.5,0.1,0.0,1.0,5.5,0,0,-0.2,2022,0,False,0.45,G,60.0,6.2,,G,False
Chris Silva,MIA,25,10,7,3,9.1,2.6,1.5,53.3,0.0,0.0,1.2,83.3,1.3,2.3,3.6,0.7,0.8,0.0,0.1,2.0,7.5,0,0,-2.9,2022,0,False,0.7,F,63.6,3.3,,F,False
Gabriel Deck,OKC,27,7,2,5,7.9,2.6,2.0,57.1,0.6,50.0,0.0,0.0,0.1,0.7,0.9,0.7,0.3,0.1,0.0,0.3,4.8,0,0,-2.0,2022,0,False,0.29,F,50.0,-8.5,,F,False
Theo Pinson,DAL,26,19,14,5,7.8,2.5,2.1,35.9,1.6,33.3,0.5,100.0,0.1,1.0,1.1,0.9,0.3,0.3,0.1,0.6,6.0,0,0,-2.2,2022,0,False,0.74,G-F,62.1,2.1,,G-F,False
Juwan Morgan,BOS,25,2,1,1,15.5,2.5,1.5,66.7,1.0,50.0,0.0,0.0,1.0,1.0,2.0,0.5,0.0,0.0,0.0,1.5,5.7,0,0,-8.5,2022,0,False,0.5,F,75.0,15.6,,F,False
Sam Hauser,BOS,24,26,20,6,6.1,2.5,1.9,46.0,1.7,43.2,0.0,0.0,0.2,0.9,1.1,0.4,0.1,0.0,0.1,0.3,4.7,0,0,0.0,2022,0,False,0.77,F,19.0,-36.0,,F,False
Udonis Haslem,MIA,41,13,10,3,6.4,2.5,2.4,45.2,0.3,25.0,0.2,100.0,0.3,1.6,1.9,0.3,0.4,0.1,0.1,1.2,5.3,0,0,-1.2,2022,0,False,0.77,F,100.0,43.6,,F,False
Abdel Nader,PHX,28,14,11,3,10.4,2.4,2.5,34.3,1.0,28.6,0.7,60.0,0.3,1.6,1.9,0.5,0.8,0.6,0.3,1.4,7.3,0,0,-0.1,2022,0,False,0.79,F,60.0,3.5,,F,False
Ish Wainright,PHX,27,45,36,9,8.0,2.4,2.3,39.4,1.3,32.2,0.3,58.3,0.6,0.6,1.2,0.3,0.3,0.4,0.1,1.1,5.8,0,0,0.9,2022,0,False,0.8,F,54.3,-3.8,,F,False
Jake Layman,MIN,28,34,20,14,6.8,2.4,2.1,41.1,1.0,22.9,0.5,72.2,0.2,0.9,1.1,0.3,0.3,0.2,0.1,0.4,4.8,0,0,-0.3,2022,0,False,0.59,F,54.5,-0.2,,F,False
Jalen Johnson,ATL,20,22,14,8,5.5,2.4,1.9,53.7,0.6,23.1,0.3,71.4,0.1,1.1,1.2,0.1,0.4,0.1,0.1,0.4,4.3,0,0,-0.9,2022,0,False,0.64,F,45.0,-12.9,,F,False
Bol Bol,ORL,22,14,5,9,5.8,2.4,1.9,55.6,0.3,25.0,0.4,40.0,0.3,1.1,1.4,0.4,0.3,0.1,0.1,0.3,5.0,0,0,0.4,2022,0,False,0.36,C-F,58.3,-5.3,,C-F,False
Freddie Gillespie,ORL,24,9,1,8,13.2,2.3,2.4,40.9,0.1,0.0,0.8,42.9,1.4,2.6,4.0,0.6,0.6,0.3,1.0,2.0,11.4,0,0,-3.2,2022,0,False,0.11,C,52.5,-5.7,,C,False
Haywood Highsmith,MIA,25,19,13,6,8.6,2.3,2.4,34.8,1.5,32.1,0.3,40.0,0.5,0.8,1.4,0.3,0.2,0.1,0.2,0.7,5.0,0,0,-1.9,2022,0,False,0.68,F,43.5,-15.9,,F,False
Justin Champagnie,TOR,20,36,21,15,7.8,2.3,1.9,46.3,0.8,35.7,0.3,100.0,1.0,1.0,2.0,0.3,0.2,0.2,0.1,0.9,5.9,0,0,1.4,2022,0,False,0.58,G-F,63.3,6.7,,G-F,False
Nik Stauskas,BOS,28,8,7,1,4.8,2.3,1.8,35.7,1.3,40.0,0.8,66.7,0.1,0.3,0.4,0.3,0.1,0.0,0.0,0.1,3.0,0,0,2.3,2022,0,False,0.88,G,100.0,42.8,,G,False
Miles McBride,NYK,21,40,19,21,9.3,2.2,2.7,29.6,1.7,25.0,0.3,66.7,0.1,1.0,1.1,1.0,0.1,0.4,0.0,1.1,6.0,0,0,2.5,2022,0,False,0.48,G,62.0,5.8,,G,False
Dylan Windler,CLE,25,50,28,22,9.2,2.2,2.0,37.8,1.4,30.0,0.4,83.3,0.4,1.4,1.8,0.7,0.3,0.3,0.1,0.9,6.1,0,0,-0.2,2022,0,False,0.56,G-F,46.7,-10.4,,G-F,False
Jericho Sims,NYK,23,41,19,22,13.5,2.2,1.3,72.2,0.0,0.0,0.7,41.4,1.5,2.6,4.1,0.5,0.5,0.3,0.5,1.6,9.8,1,0,1.9,2022,0,False,0.46,C,60.2,0.1,,C,False
Justin Jackson,PHX,27,7,6,1,5.2,2.1,2.1,33.3,1.3,33.3,0.3,100.0,0.1,0.9,1.0,0.3,0.1,0.0,0.0,0.4,3.6,0,0,-1.9,2022,0,False,0.86,F,40.0,-18.7,,F,False
Jeff Dowtin,ORL,24,9,4,5,12.0,2.1,2.9,30.8,1.0,11.1,0.2,100.0,0.9,1.1,2.0,1.1,0.6,0.6,0.1,0.6,7.6,0,0,-2.9,2022,0,False,0.44,G,60.0,7.0,,G,False
Joe Wieskamp,SAS,22,29,11,18,7.1,2.1,1.9,35.7,1.5,32.6,0.4,53.8,0.1,0.3,0.5,0.3,0.1,0.1,0.1,0.5,3.8,0,0,0.0,2022,0,False,0.38,G-F,60.7,4.2,,G-F,False
JT Thor,CHA,19,33,18,15,7.9,2.0,1.7,43.6,0.8,25.9,0.6,60.0,0.3,1.0,1.3,0.6,0.3,0.2,0.3,0.8,5.9,0,0,-0.2,2022,0,False,0.55,F,64.7,9.1,,F,False
Ahmad Caver,IND,25,1,0,1,0.8,2.0,1.0,100.0,0.0,0.0,0.0,0.0,0.0,0.0,0.0,0.0,0.0,0.0,0.0,0.0,2.0,0,0,2.0,2022,0,False,0.0,,,,,,False
Cassius Winston,WAS,24,7,1,6,5.6,2.0,1.6,36.4,0.9,33.3,0.6,100.0,0.0,0.1,0.1,1.0,0.4,0.0,0.0,1.3,3.2,0,0,-0.9,2022,0,False,0.14,G,75.0,12.5,,G,False
Craig Sword,WAS,28,3,1,2,6.3,2.0,1.3,75.0,0.3,0.0,0.0,0.0,0.0,0.0,0.0,0.3,0.3,1.3,0.0,2.3,6.2,0,0,0.3,2022,0,False,0.33,,,,,,False
Damyean Dotson,NYK,27,2,1,1,10.3,2.0,2.0,50.0,0.5,0.0,0.0,0.0,0.0,1.0,1.0,0.5,0.0,0.0,0.0,0.0,4.0,0,0,1.5,2022,0,False,0.5,G,0.0,-52.2,,G,False
Jemerrio Jones,LAL,27,2,0,2,7.4,2.0,1.5,66.7,0.0,0.0,0.0,0.0,1.0,0.5,1.5,0.0,0.0,0.5,0.0,1.0,5.3,0,0,-6.5,2022,0,False,0.0,F,50.0,-14.8,,F,False
Joe Johnson,BOS,40,1,1,0,2.0,2.0,1.0,100.0,0.0,0.0,0.0,0.0,0.0,0.0,0.0,0.0,0.0,0.0,0.0,0.0,2.0,0,0,-5.0,2022,1,False,1.0,,,,,,False
Langston Galloway,MIL,30,7,4,3,15.2,2.0,3.7,23.1,2.3,12.5,0.0,0.0,0.4,2.1,2.6,1.7,0.9,0.1,0.0,1.0,7.2,0,0,-1.7,2022,0,False,0.57,G,50.0,-7.6,,G,False
Luke Kornet,BOS,26,15,11,4,6.9,2.0,1.8,48.1,0.3,0.0,0.4,66.7,0.9,1.1,1.9,0.6,0.0,0.2,0.2,0.6,6.4,0,0,1.5,2022,0,False,0.73,C-F,42.9,-17.2,,C-F,False
Norvel Pelle,UTA,29,3,0,3,6.3,2.0,1.7,60.0,0.0,0.0,0.0,0.0,1.0,1.0,2.0,0.0,0.7,0.0,0.3,0.3,4.7,0,0,-6.3,2022,0,False,0.0,C,83.3,24.3,,C,False
Shaquille Harrison,BKN,28,2,1,1,11.3,2.0,3.0,33.3,1.0,0.0,0.0,0.0,0.5,1.5,2.0,1.5,1.0,0.5,0.5,1.5,8.7,0,0,-2.0,2022,0,False,0.5,G,75.0,21.5,,G,False
Usman Garuba,HOU,20,24,2,22,10.0,2.0,1.8,43.2,0.8,25.0,0.3,71.4,0.9,2.6,3.5,0.7,0.3,0.4,0.5,1.2,9.6,0,0,1.4,2022,0,False,0.08,F,65.2,7.3,,F,False
Chris Chiozza,GSW,26,34,21,13,10.9,2.0,2.4,29.6,1.6,32.1,0.1,66.7,0.3,0.8,1.1,1.9,0.9,0.4,0.0,0.9,6.3,0,0,-1.4,2022,0,False,0.62,G,62.7,6.6,,G,False
Marko Simonovic,CHI,22,9,4,5,3.9,1.9,1.7,26.7,0.6,20.0,1.2,72.7,0.6,0.6,1.1,0.0,0.2,0.1,0.1,0.7,3.7,0,0,0.3,2022,0,False,0.44,C,40.0,-18.0,,C,False
Alize Johnson,NOP,26,23,14,9,7.3,1.8,1.7,43.6,0.2,0.0,0.5,58.3,1.2,1.4,2.7,0.4,0.5,0.2,0.0,0.8,5.7,0,0,-2.0,2022,0,False,0.61,F,69.4,13.2,,F,False
Brodric Thomas,BOS,25,12,8,4,5.0,1.8,1.5,44.4,0.8,22.2,0.4,60.0,0.2,0.7,0.8,0.9,0.5,0.1,0.1,0.6,4.1,0,0,0.3,2022,0,False,0.67,G,60.0,7.5,,G,False
Eugene Omoruyi,DAL,25,4,1,3,4.5,1.8,1.3,40.0,0.5,50.0,1.0,50.0,0.5,1.3,1.8,0.5,0.0,0.0,0.0,0.5,4.6,0,0,0.8,2022,0,False,0.25,F,50.0,-19.6,,F,False
Willie Cauley-Stein,PHI,28,20,12,8,9.1,1.7,1.8,45.7,0.1,50.0,0.1,50.0,0.7,1.4,2.0,0.5,0.4,0.3,0.2,1.0,5.9,0,0,1.2,2022,0,False,0.6,C,69.1,7.9,,C,False
Isaiah Todd,WAS,20,12,1,11,6.2,1.7,2.2,26.9,1.3,25.0,0.5,33.3,0.3,0.8,1.0,0.3,0.3,0.3,0.2,0.3,4.5,0,0,-2.0,2022,0,False,0.08,F,76.9,17.9,,F,False
Wayne Selden,NYK,27,3,2,1,6.4,1.7,1.3,25.0,0.7,50.0,1.3,50.0,0.0,0.3,0.3,0.3,0.0,0.0,0.0,0.3,2.6,0,0,-4.3,2022,0,False,0.67,G,100.0,46.1,,G,False
Kevin Pangos,CLE,29,24,16,8,6.9,1.6,1.9,32.6,1.1,23.1,0.2,75.0,0.1,0.4,0.5,1.3,0.3,0.1,0.0,0.5,4.1,0,0,-1.5,2022,0,False,0.67,G,48.0,-7.9,,G,False
Ryan Arcidiacono,NYK,28,10,8,2,7.6,1.6,1.2,50.0,0.9,44.4,0.0,0.0,0.0,0.8,0.8,0.4,0.3,0.1,0.0,0.5,3.2,0,0,-1.2,2022,0,False,0.8,G,54.5,2.0,,G,False
Emmanuel Mudiay,SAC,26,2,0,2,5.5,1.5,1.0,0.0,0.0,0.0,2.0,75.0,0.0,0.0,0.0,2.0,0.5,0.5,0.0,0.5,5.5,0,0,-3.5,2022,0,False,0.0,G,50.0,-0.1,,G,False
Rob Edwards,OKC,25,2,0,2,5.4,1.5,2.0,25.0,2.0,25.0,0.0,0.0,0.0,1.5,1.5,0.0,0.5,0.0,0.0,0.0,2.8,0,0,-7.0,2022,0,False,0.0,G,33.3,18.0,,G,False
Leandro Bolmaro,MIN,21,35,19,16,6.9,1.4,1.5,31.5,0.5,27.8,0.4,84.6,0.5,0.8,1.2,0.6,0.4,0.2,0.0,0.7,3.9,0,0,0.1,2022,0,False,0.54,F,58.5,2.4,,F,False
Malik Fitts,BOS,24,15,13,2,4.2,1.4,1.3,42.1,0.7,50.0,0.0,0.0,0.1,1.0,1.1,0.3,0.1,0.0,0.0,0.3,3.1,0,0,-1.3,2022,0,False,0.87,F,75.0,16.8,,F,False
Charlie Brown Jr.,PHI,25,22,16,6,8.1,1.4,1.8,25.6,0.5,8.3,0.5,90.0,0.6,0.8,1.5,0.3,0.2,0.5,0.2,0.8,5.2,0,0,-1.0,2022,0,False,0.73,G,48.4,-10.4,,G,False
Darren Collison,LAL,34,3,1,2,12.4,1.3,2.3,28.6,1.0,0.0,0.0,0.0,0.0,1.3,1.3,0.7,0.3,0.3,0.0,1.7,4.6,0,0,-4.7,2022,0,False,0.33,G,50.0,-8.1,,G,False
Jordan Schakel,WAS,23,4,1,3,7.6,1.3,2.8,9.1,1.5,16.7,0.5,100.0,0.5,1.5,2.0,0.0,0.3,0.3,0.0,0.0,4.2,0,0,0.5,2022,0,False,0.25,G,0.0,-43.5,,G,False
Moses Wright,DAL,23,4,4,0,3.7,1.3,1.0,25.0,0.3,0.0,0.8,100.0,0.3,0.5,0.8,0.5,0.0,0.0,0.3,0.0,3.7,0,0,-1.8,2022,0,False,1.0,F,66.7,7.6,,F,False
Myles Powell,PHI,24,11,8,3,4.7,1.2,1.5,29.4,0.5,16.7,0.2,100.0,0.1,0.5,0.5,0.3,0.3,0.1,0.0,0.7,2.2,0,0,-1.6,2022,0,False,0.73,G,33.3,-1.7,,G,False
Tacko Fall,CLE,26,11,4,7,5.3,1.1,1.1,41.7,0.0,0.0,0.6,28.6,0.6,1.5,2.1,0.2,0.3,0.0,0.5,0.3,5.2,0,0,0.5,2022,0,False,0.36,C,30.0,-25.5,,C,False
Marcus Garrett,MIA,23,12,11,1,10.7,1.1,1.8,23.8,0.3,25.0,0.4,40.0,0.8,1.2,1.9,0.6,0.2,0.4,0.3,1.3,6.1,0,0,1.4,2022,0,False,0.92,G,53.3,1.7,,G,False
Yves Pons,MEM,22,12,9,3,5.9,1.1,1.3,31.3,0.8,33.3,0.2,0.0,0.4,0.6,1.0,0.1,0.1,0.1,0.3,0.5,3.6,0,0,-2.5,2022,0,False,0.75,F,38.5,-17.4,,F,False
Petr Cornelie,DEN,26,13,3,10,2.9,1.1,1.2,33.3,0.6,12.5,0.3,75.0,0.5,0.5,1.1,0.2,0.3,0.1,0.1,0.5,2.9,0,0,0.6,2022,0,False,0.23,F,60.0,4.1,,F,False
RJ Nembhard Jr.,CLE,23,14,6,8,4.5,1.1,1.3,33.3,0.1,0.0,0.3,75.0,0.2,0.3,0.5,0.9,0.2,0.1,0.0,0.1,3.0,0,0,-0.5,2022,0,False,0.43,G,50.0,16.3,,G,False
Kai Jones,CHA,21,21,14,7,3.0,1.0,0.7,64.3,0.1,50.0,0.4,37.5,0.1,0.4,0.5,0.2,0.3,0.0,0.1,0.4,2.1,0,0,-0.7,2022,0,False,0.67,C-F,70.0,23.9,,C-F,False
Dakota Mathias,MEM,26,6,5,1,2.7,1.0,1.0,33.3,1.0,33.3,0.0,0.0,0.0,0.3,0.3,0.2,0.0,0.2,0.0,0.2,2.2,0,0,-1.8,2022,0,False,0.83,G,100.0,48.3,,G,False
Deividas Sirvydis,DET,21,3,1,2,8.9,1.0,3.3,10.0,2.3,14.3,0.0,0.0,0.0,2.0,2.0,0.3,0.0,1.0,0.3,1.3,7.9,0,0,-9.3,2022,0,False,0.33,F-G,37.5,-19.2,,F-G,False
Jaden Springer,PHI,19,2,2,0,2.8,1.0,0.5,100.0,0.0,0.0,0.0,0.0,0.5,0.5,1.0,0.0,0.5,0.0,1.0,0.0,4.7,0,0,-4.0,2022,0,False,1.0,G,33.3,14.1,,G,False
McKinley Wright IV,MIN,23,5,3,2,3.8,1.0,0.6,66.7,0.4,50.0,0.0,0.0,0.0,0.0,0.0,0.6,0.2,0.0,0.0,0.2,1.7,0,0,-1.4,2022,0,False,0.6,G,66.7,14.1,,G,False
Shaq Buchanan,MEM,25,2,2,0,4.9,1.0,2.0,25.0,1.0,0.0,0.0,0.0,0.5,0.5,1.0,1.0,1.0,0.5,0.0,0.5,4.2,0,0,-1.0,2022,0,False,1.0,,,,,,False
Tyrell Terry,MEM,21,2,2,0,1.5,1.0,0.5,100.0,0.0,0.0,0.0,0.0,0.0,0.0,0.0,0.0,0.0,0.0,0.0,0.5,1.0,0,0,-1.0,2022,0,False,1.0,,,,,,False
Ed Davis,CLE,32,31,15,16,6.5,0.9,0.5,68.8,0.0,0.0,0.5,42.9,0.5,1.6,2.1,0.2,0.2,0.1,0.3,1.1,4.7,0,0,0.5,2022,0,False,0.48,C-F,52.9,-5.5,,C-F,False
Carlik Jones,DEN,24,5,3,2,4.7,0.8,1.8,11.1,0.2,0.0,0.4,100.0,0.2,0.4,0.6,1.0,0.6,0.2,0.0,0.0,3.0,0,0,-4.0,2022,0,False,0.6,G,0.0,-55.9,,G,False
Isaac Bonga,TOR,22,15,9,6,4.6,0.8,0.9,23.1,0.3,25.0,0.5,62.5,0.3,0.2,0.5,0.3,0.1,0.5,0.1,0.7,3.6,0,0,-2.1,2022,0,False,0.6,G,59.1,3.6,,G,False
Chandler Hutchison,PHX,26,6,4,2,3.7,0.7,0.3,50.0,0.0,0.0,0.3,100.0,0.0,0.8,0.8,0.3,0.7,0.0,0.0,0.2,1.5,0,0,2.5,2022,0,False,0.67,F-G,100.0,41.2,,F-G,False
DaQuan Jeffries,MEM,24,3,3,0,2.9,0.7,0.7,50.0,0.3,0.0,0.0,0.0,0.0,0.7,0.7,0.3,0.0,0.0,0.0,0.3,2.0,0,0,-1.0,2022,0,False,1.0,G-F,50.0,-0.4,,G-F,False
Jarron Cumberland,POR,24,3,0,3,4.1,0.7,0.7,50.0,0.3,0.0,0.0,0.0,0.3,0.7,1.0,0.3,0.0,0.0,0.0,0.7,2.4,0,0,3.0,2022,0,False,0.0,G,0.0,-59.3,,G,False
Jaylen Morris,SAS,26,3,0,3,5.3,0.7,2.0,0.0,0.7,0.0,1.3,50.0,0.0,0.7,0.7,0.7,0.3,0.0,0.0,0.7,2.1,0,0,2.7,2022,0,False,0.0,G,100.0,47.4,,G,False
Solomon Hill,ATL,31,13,7,6,10.7,0.6,1.5,15.0,1.0,15.4,0.0,0.0,0.5,1.3,1.8,0.9,0.1,0.3,0.2,1.2,5.4,0,0,3.2,2022,0,False,0.54,F,65.7,7.0,,F,False
Robert Woodard II,SAS,22,12,0,12,3.5,0.6,1.3,12.5,0.3,25.0,0.2,100.0,0.4,0.5,0.9,0.3,0.1,0.1,0.1,0.3,2.5,0,0,1.3,2022,0,False,0.0,F,45.5,-13.2,,F,False
Xavier Sneed,UTA,24,9,7,2,4.3,0.6,1.1,20.0,0.9,12.5,0.0,0.0,0.2,0.4,0.7,0.1,0.0,0.0,0.0,0.2,1.5,0,0,-0.7,2022,0,False,0.78,F,50.0,-9.4,,F,False
Sharife Cooper,ATL,20,13,8,5,3.0,0.5,1.1,21.4,0.5,16.7,0.0,0.0,0.0,0.4,0.4,0.4,0.4,0.0,0.0,0.1,1.2,0,0,-2.7,2022,0,False,0.62,G,83.3,27.7,,G,False
Scottie Lewis,CHA,22,2,1,1,3.3,0.5,0.0,0.0,0.0,0.0,1.0,50.0,0.0,0.0,0.0,0.5,0.0,0.5,0.0,0.0,2.8,0,0,-2.0,2022,0,False,0.5,G,100.0,35.2,,G,False
Aaron Henry,PHI,22,6,6,0,2.8,0.3,0.8,20.0,0.2,0.0,0.0,0.0,0.0,0.2,0.2,0.0,0.3,0.0,0.3,0.3,1.2,0,0,-3.3,2022,0,False,1.0,F,20.0,-22.6,,F,False
Miye Oni,UTA,24,16,15,1,2.8,0.3,0.6,22.2,0.5,12.5,0.1,0.0,0.1,0.4,0.4,0.3,0.1,0.0,0.0,0.4,1.2,0,0,-2.0,2022,0,False,0.94,G-F,60.0,4.0,,G-F,False
Joel Ayayi,WAS,22,7,1,6,2.9,0.3,0.9,16.7,0.1,0.0,0.0,0.0,0.1,0.3,0.4,0.6,0.0,0.0,0.0,0.0,1.7,0,0,0.4,2022,0,False,0.14,G,0.0,-52.5,,G,False
George King,DAL,28,4,2,2,4.8,0.3,1.3,0.0,1.0,0.0,0.5,50.0,0.0,1.3,1.3,0.0,0.3,0.0,0.0,1.0,1.5,0,0,-6.8,2022,0,False,0.5,F-G,66.7,-0.6,,F-G,False
Ade Murkey,SAC,24,1,0,1,1.5,0.0,0.0,0.0,0.0,0.0,0.0,0.0,0.0,0.0,0.0,0.0,0.0,0.0,0.0,0.0,0.0,0,0,-1.0,2022,0,False,0.0,,,,,,False
Anthony Lamb,HOU,24,2,0,2,3.8,0.0,1.0,0.0,1.0,0.0,0.0,0.0,0.0,0.5,0.5,1.0,0.0,0.0,0.0,0.0,2.1,0,0,2.5,2022,0,False,0.0,F,33.3,-26.1,,F,False
Arnoldas Kulboka,CHA,24,2,2,0,2.7,0.0,0.5,0.0,0.5,0.0,0.0,0.0,0.0,0.0,0.0,0.0,0.0,0.0,0.0,0.5,0.0,0,0,-6.0,2022,0,False,1.0,F,100.0,25.0,,F,False
CJ Miles,BOS,35,1,1,0,2.0,0.0,0.0,0.0,0.0,0.0,0.0,0.0,0.0,0.0,0.0,0.0,0.0,0.0,0.0,1.0,0.0,0,0,-5.0,2022,0,False,1.0,,,,,,False
Cat Barber,ATL,27,3,0,3,4.3,0.0,1.3,0.0,0.0,0.0,1.3,0.0,0.3,0.7,1.0,1.0,0.3,0.0,0.0,0.3,2.4,0,0,3.7,2022,0,False,0.0,G,50.0,-7.8,,G,False
David Johnson,TOR,21,2,2,0,1.0,0.0,0.5,0.0,0.5,0.0,0.0,0.0,0.0,0.0,0.0,0.0,0.0,0.0,0.0,0.0,0.0,0,0,-1.0,2022,0,False,1.0,,,,,,False
DeJon Jarreau,IND,24,1,0,1,0.9,0.0,0.0,0.0,0.0,0.0,0.0,0.0,0.0,0.0,0.0,0.0,0.0,0.0,0.0,0.0,0.0,0,0,2.0,2022,0,False,0.0,,,,,,False
Emanuel Terry,PHX,25,3,2,1,6.1,0.0,1.7,0.0,0.0,0.0,0.0,0.0,2.7,2.3,5.0,0.7,1.7,0.3,0.0,1.3,6.3,0,0,-6.3,2022,0,False,0.67,F,40.0,-21.6,,F,False
Feron Hunt,NYK,22,2,2,0,4.2,0.0,1.0,0.0,0.0,0.0,0.0,0.0,0.5,0.0,0.5,0.5,0.5,0.5,0.0,0.5,2.4,0,0,-0.5,2022,0,False,1.0,,,,,,False
JaQuori McLaughlin,DAL,24,4,2,2,2.7,0.0,0.5,0.0,0.3,0.0,0.0,0.0,0.0,0.0,0.0,0.5,0.0,0.0,0.0,0.3,0.8,0,0,-2.3,2022,0,False,0.5,G,66.7,9.3,,G,False
Jaime Echenique,WAS,25,1,1,0,3.1,0.0,0.0,0.0,0.0,0.0,0.0,0.0,0.0,0.0,0.0,0.0,0.0,0.0,0.0,0.0,0.0,0,0,-1.0,2022,0,False,1.0,,,,,,False
Javin DeLaurier,MIL,24,1,1,0,2.8,0.0,0.0,0.0,0.0,0.0,0.0,0.0,0.0,1.0,1.0,0.0,0.0,1.0,0.0,1.0,4.2,0,0,4.0,2022,0,False,1.0,C,100.0,30.9,,C,False
Jay Huff,LAL,24,4,0,4,5.1,0.0,0.8,0.0,0.5,0.0,0.0,0.0,0.3,0.8,1.0,0.3,0.3,0.3,0.3,0.3,2.8,0,0,3.8,2022,0,False,0.0,F,14.3,-38.3,,F,False
Jaysean Paige,DET,27,1,1,0,6.6,0.0,3.0,0.0,2.0,0.0,0.0,0.0,0.0,1.0,1.0,1.0,1.0,0.0,0.0,2.0,1.7,0,0,-10.0,2022,0,False,1.0,,,,,,False
Jon Teske,MEM,24,3,3,0,2.6,0.0,0.3,0.0,0.0,0.0,0.7,0.0,0.0,0.7,0.7,0.3,0.0,0.3,0.0,0.3,2.3,0,0,-1.0,2022,0,False,1.0,C,100.0,45.1,,C,False
Jordan Bell,CHI,27,1,1,0,2.0,0.0,0.0,0.0,0.0,0.0,0.0,0.0,1.0,0.0,1.0,0.0,0.0,1.0,0.0,2.0,4.2,0,0,1.0,2022,0,False,1.0,F,100.0,41.3,,F,False
Jordan Goodwin,WAS,23,2,1,1,3.0,0.0,1.5,0.0,0.5,0.0,0.0,0.0,0.0,0.5,0.5,0.0,0.0,0.0,0.0,0.5,0.6,0,0,-4.0,2022,0,False,0.5,,,,,,False
MJ Walker,PHX,24,2,1,1,4.2,0.0,2.0,0.0,1.0,0.0,0.0,0.0,0.0,0.5,0.5,0.5,0.0,1.0,0.0,0.5,4.4,0,0,-1.5,2022,0,False,0.5,,,,,,False
Matt Mooney,NYK,27,1,1,0,1.9,0.0,1.0,0.0,1.0,0.0,0.0,0.0,0.0,0.0,0.0,0.0,1.0,1.0,0.0,0.0,2.0,0,0,-5.0,2022,0,False,1.0,,,,,,False
Nate Hinton,IND,22,2,0,2,1.2,0.0,0.5,0.0,0.0,0.0,0.0,0.0,0.0,0.0,0.0,0.0,0.5,0.0,0.0,0.0,-0.5,0,0,2.0,2022,0,False,0.0,,,,,,False
Sam Dekker,TOR,27,1,1,0,0.9,0.0,0.0,0.0,0.0,0.0,0.0,0.0,0.0,0.0,0.0,0.0,0.0,0.0,0.0,0.0,0.0,0,0,-5.0,2022,0,False,1.0,F,0.0,-49.6,,F,False
Trayvon Palmer,DET,27,1,0,1,16.8,0.0,1.0,0.0,0.0,0.0,0.0,0.0,0.0,2.0,2.0,0.0,1.0,0.0,0.0,2.0,1.4,0,0,-12.0,2022,0,False,0.0,G,100.0,48.4,,G,False
Tyler Hall,NYK,25,1,1,0,1.9,0.0,0.0,0.0,0.0,0.0,0.0,0.0,0.0,0.0,0.0,0.0,0.0,0.0,0.0,0.0,0.0,0,0,-5.0,2022,0,False,1.0,,,,,,False
Zylan Cheatham,UTA,26,1,0,1,5.2,0.0,3.0,0.0,2.0,0.0,0.0,0.0,0.0,0.0,0.0,0.0,0.0,0.0,0.0,0.0,0.0,0,0,-13.0,2022,0,False,0.0,,,,,,False
